,longitude,latitude,name,duration,hours,minutes
0,10.370917,55.379996,,0.0,0.0,0.0
1,9.661611,55.475298,Mørkholtvej,4275.7,1.0,11.0
2,9.687862,55.505284,Hindsgavl Allé,2662.1,0.0,44.0
3,9.678581,55.515167,,2693.6,0.0,44.0
4,9.670692,55.472912,Gl. Ålbovej,4762.7,1.0,19.0
5,9.703186,55.494457,Oddevejen,2642.3,0.0,44.0
6,9.689316,55.510059,Granhækken,2516.8,0.0,41.0
7,9.682573,55.51667,Galsklintvej,2569.7,0.0,42.0
8,9.71914,55.467743,,3109.3,0.0,51.0
9,9.734084,55.482744,,2469.1,0.0,41.0
10,9.719942,55.499603,Park Alle,2447.2,0.0,40.0
11,9.722128,55.508164,Havnegade,2493.2,0.0,41.0
12,9.751593,55.437439,Fønsskovvej,3001.0,0.0,50.0
13,9.751583,55.437586,Fønsskovvej,2993.6,0.0,49.0
14,9.738662,55.459481,Fønsskovvej,2917.3,0.0,48.0
15,9.740786,55.480118,,2512.9,0.0,41.0
16,9.73995,55.4902,Vejrøvænget,2421.9,0.0,40.0
17,9.743475,55.507249,,2345.3,0.0,39.0
18,9.757962,55.440896,Fønsskovvej,2743.6,0.0,45.0
19,9.758448,55.449421,Fønsskovvej,2726.0,0.0,45.0
20,9.75867,55.470742,,2344.8,0.0,39.0
21,9.761293,55.478434,,2333.9,0.0,38.0
22,9.759856,55.499779,,2206.7,0.0,36.0
23,9.759965,55.509973,Akelejehaven,2193.3,0.0,36.0
24,9.768069,55.527192,,2275.6,0.0,37.0
25,10.370917,55.379996,,0.0,0.0,0.0
26,9.760518,55.543599,,2428.5,0.0,40.0
27,9.798913,55.297615,Sandhammeren,4631.7,1.0,17.0
28,9.798817,55.320953,Sommerodden,4709.2,1.0,18.0
29,9.817662,55.369872,,3264.2,0.0,54.0
30,9.818775,55.375827,,3771.1,1.0,2.0
31,9.792252,55.411695,Rudvej,2476.7,0.0,41.0
32,9.794226,55.432088,Fønsskovvej,2450.0,0.0,40.0
33,9.78612,55.437615,Fønsskovvej,2407.0,0.0,40.0
34,9.788027,55.457728,Fjordvej,2374.8,0.0,39.0
35,9.791393,55.480279,Assensvej,2104.1,0.0,35.0
36,9.788706,55.490242,Hyllehøjvej,2011.7,0.0,33.0
37,9.788848,55.509609,Strib Landevej,2126.8,0.0,35.0
38,9.790186,55.519519,,2257.7,0.0,37.0
39,9.78992,55.540079,Røjlemosevej,2413.4,0.0,40.0
40,9.794328,55.54602,Provstskovvej,2680.6,0.0,44.0
41,9.810804,55.300214,Fiskerhusene,4474.2,1.0,14.0
42,9.809501,55.309986,Prinsehøjsvej,4510.4,1.0,15.0
43,9.812216,55.322316,Noret,4741.6,1.0,19.0
44,9.812685,55.359026,Rørdamsvej,3424.3,0.0,57.0
45,9.817662,55.369872,,3264.2,0.0,54.0
46,9.810058,55.411071,Rudvej,2341.1,0.0,39.0
47,9.803787,55.414244,Rudvej,2559.2,0.0,42.0
48,9.82075,55.440889,,2294.2,0.0,38.0
49,9.810096,55.450161,Ronæsskovvej,2198.7,0.0,36.0
50,10.370917,55.379996,,0.0,0.0,0.0
51,9.809396,55.469628,Assensvej,2107.7,0.0,35.0
52,9.809977,55.480142,,1982.3,0.0,33.0
53,9.806961,55.501475,,2070.0,0.0,34.0
54,9.813747,55.508128,,2097.7,0.0,34.0
55,9.812588,55.529198,,2508.0,0.0,41.0
56,9.80966,55.549954,,2679.8,0.0,44.0
57,9.823672,55.302378,Klintende,4574.7,1.0,16.0
58,9.816831,55.315962,,4766.7,1.0,19.0
59,9.840146,55.350758,Høstmarksvej,2567.1,0.0,42.0
60,9.827818,55.366521,Tybrindvej,3829.7,1.0,3.0
61,9.83123,55.379244,Husby Strandvej,2809.5,0.0,46.0
62,9.830984,55.399859,Jomfrumarken,2345.9,0.0,39.0
63,9.830052,55.410002,Skovløkken,2202.4,0.0,36.0
64,9.825668,55.429747,Ronæsbrovej,2109.0,0.0,35.0
65,9.829051,55.440378,,2100.0,0.0,35.0
66,9.828906,55.459325,Gammel Assensvej,2132.4,0.0,35.0
67,9.830198,55.479532,Gammel Landevej,1968.7,0.0,32.0
68,9.830211,55.490341,Fynske Motorvej,1790.8,0.0,29.0
69,9.826816,55.509062,,2257.2,0.0,37.0
70,9.827308,55.519099,,2253.6,0.0,37.0
71,9.834168,55.539747,Bolsvej,2444.9,0.0,40.0
72,9.828652,55.549933,Højskredvej,2640.1,0.0,44.0
73,9.860538,55.361244,Wedellsborgvej,2348.7,0.0,39.0
74,9.859813,55.370691,Storegade,2353.7,0.0,39.0
75,10.370917,55.379996,,0.0,0.0,0.0
76,9.855551,55.39099,Tybrindvej,2228.5,0.0,37.0
77,9.865409,55.411365,Sandmarksvej,2014.1,0.0,33.0
78,9.859539,55.419981,Assensvej,1935.3,0.0,32.0
79,9.859688,55.440106,,2131.1,0.0,35.0
80,9.866161,55.449449,,1964.7,0.0,32.0
81,9.856877,55.466695,Søndergaardsvej,1916.5,0.0,31.0
82,9.860663,55.480908,Vanghavevej,1824.1,0.0,30.0
83,9.858186,55.499795,Bogensevej,2044.6,0.0,34.0
84,9.86002,55.50886,Lavmosevej,2256.6,0.0,37.0
85,9.849162,55.52963,Klintholmvej,3301.9,0.0,55.0
86,9.846047,55.548094,Nyskovvej,2825.8,0.0,47.0
87,9.878914,55.245199,Torø,3137.5,0.0,52.0
88,9.882136,55.263769,,2509.5,0.0,41.0
89,9.883627,55.269715,Næsvej,2539.7,0.0,42.0
90,9.892212,55.290406,,2656.4,0.0,44.0
91,9.890886,55.299183,Aborg Strandvej,2585.0,0.0,43.0
92,9.883529,55.325674,,2717.4,0.0,45.0
93,9.877815,55.334536,,2698.3,0.0,44.0
94,9.879687,55.356136,,2358.2,0.0,39.0
95,9.882525,55.371084,Hovvej,2426.7,0.0,40.0
96,9.877059,55.377769,,2503.6,0.0,41.0
97,9.878952,55.399767,Fuglemosegyden,2171.0,0.0,36.0
98,9.880068,55.410022,Udbyvej,2023.5,0.0,33.0
99,9.87989,55.429401,Limosevej,1938.6,0.0,32.0
100,10.370917,55.379996,,0.0,0.0,0.0
101,9.881959,55.438676,,1959.5,0.0,32.0
102,9.880268,55.460106,Hjørnet,1813.1,0.0,30.0
103,9.880088,55.479987,Vestermarken,1941.0,0.0,32.0
104,9.879193,55.492406,,1987.2,0.0,33.0
105,9.881915,55.510186,,2175.1,0.0,36.0
106,9.91252,55.235024,Saltofte Strandvej,2617.7,0.0,43.0
107,9.903585,55.250093,Torø Huse Vej,2577.3,0.0,42.0
108,9.909917,55.269846,,2287.7,0.0,38.0
109,9.910118,55.279918,Kildensmindevej,2367.6,0.0,39.0
110,9.909989,55.300001,Rørmosevej,2428.1,0.0,40.0
111,9.909643,55.307578,Rørmosevej,2510.9,0.0,41.0
112,9.909993,55.332167,Filshuse,2450.1,0.0,40.0
113,9.910007,55.34,,2324.8,0.0,38.0
114,9.911323,55.360188,Nymarksvej,2141.6,0.0,35.0
115,9.912246,55.369179,Tanderupvej,2034.5,0.0,33.0
116,9.910561,55.390355,Ruerne,1973.6,0.0,32.0
117,9.912886,55.411196,,1980.7,0.0,33.0
118,9.899579,55.4203,Krogen,2089.1,0.0,34.0
119,9.910261,55.439403,Bakken,1918.8,0.0,31.0
120,9.908531,55.449923,,1883.8,0.0,31.0
121,9.910103,55.470799,Langgyden,1856.5,0.0,30.0
122,9.911176,55.482401,,1952.8,0.0,32.0
123,9.908387,55.502527,Mørkesgyden,1949.3,0.0,32.0
124,9.905727,55.509047,,2090.6,0.0,34.0
125,10.370917,55.379996,,0.0,0.0,0.0
126,9.933756,55.23043,,2524.2,0.0,42.0
127,9.926275,55.240184,Å Strandvej,2431.9,0.0,40.0
128,9.928858,55.256794,Fåborgvej,2339.5,0.0,38.0
129,9.930096,55.268231,,2208.3,0.0,36.0
130,9.93011,55.289937,Middelfartvej,2293.4,0.0,38.0
131,9.928214,55.299633,Nygårdsvej,2341.5,0.0,39.0
132,9.930601,55.319868,Dybvadsgyden,2396.3,0.0,39.0
133,9.935813,55.338129,,2258.3,0.0,37.0
134,9.936309,55.351574,Middelfartvej,2101.9,0.0,35.0
135,9.928846,55.367465,,2110.8,0.0,35.0
136,9.929486,55.376645,Hårevej,2023.9,0.0,33.0
137,9.93303,55.399983,Ludvigsgårdevej,2039.1,0.0,33.0
138,9.934694,55.409247,,1947.4,0.0,32.0
139,9.930003,55.430007,,1735.7,0.0,28.0
140,9.930674,55.435525,,1766.3,0.0,29.0
141,9.929034,55.458967,Fynske Motorvej,1822.3,0.0,30.0
142,9.92954,55.479613,Ægypten,1841.4,0.0,30.0
143,9.927472,55.489581,,2166.3,0.0,36.0
144,9.930097,55.509207,Daadyrvænget,2201.5,0.0,36.0
145,9.950021,55.221413,Å Strandvej,2533.3,0.0,42.0
146,9.949951,55.230013,Gudøgyden,2416.4,0.0,40.0
147,9.950965,55.250029,Langegyde,2283.1,0.0,38.0
148,9.94437,55.271243,,2215.9,0.0,36.0
149,9.950248,55.279513,Brahesborgvej,2342.5,0.0,39.0
150,10.370917,55.379996,,0.0,0.0,0.0
151,9.951107,55.299995,Bækagervej,2239.5,0.0,37.0
152,9.949861,55.309727,,2462.0,0.0,41.0
153,9.954858,55.327835,,2412.5,0.0,40.0
154,9.952146,55.338724,Grindsmosevej,2363.2,0.0,39.0
155,9.949993,55.360098,Hjortegyden,2058.3,0.0,34.0
156,9.950507,55.371045,,2070.2,0.0,34.0
157,9.947706,55.390253,Hylkedamvej,1821.5,0.0,30.0
158,9.951224,55.410565,Lungeskovvej,1945.0,0.0,32.0
159,9.948519,55.42007,Kingstrup Mosevej,1885.6,0.0,31.0
160,9.950405,55.439968,,1700.0,0.0,28.0
161,9.95006,55.450053,Industribuen,1600.6,0.0,26.0
162,9.950194,55.47119,,1844.6,0.0,30.0
163,9.945679,55.481412,,1970.1,0.0,32.0
164,9.949834,55.499615,,2128.3,0.0,35.0
165,9.947189,55.51295,Engdraget,2328.1,0.0,38.0
166,9.979177,55.133492,Lindhovedvej,3412.6,0.0,56.0
167,9.993908,55.159605,Helnæs Byvej,2786.7,0.0,46.0
168,9.990775,55.162975,Helnæs Byvej,2759.3,0.0,45.0
169,9.985593,55.18051,Helnæsvej,2623.3,0.0,43.0
170,9.987231,55.200146,,2536.6,0.0,42.0
171,9.981737,55.21512,Å Strandvej,2441.1,0.0,40.0
172,9.978528,55.231964,Bjørnemosevej,2312.4,0.0,38.0
173,9.980067,55.239998,Nyvej,2246.8,0.0,37.0
174,9.981029,55.260061,Ravnekærvej,2012.1,0.0,33.0
175,10.370917,55.379996,,0.0,0.0,0.0
176,9.982711,55.270697,,2103.3,0.0,35.0
177,9.979991,55.28998,Rugmarksvej,2161.5,0.0,36.0
178,9.980513,55.299182,Turupvej,2088.9,0.0,34.0
179,9.977408,55.320189,Midtergyden,2369.5,0.0,39.0
180,9.983956,55.339524,Pindsende,2056.8,0.0,34.0
181,9.979807,55.349738,Hjerupgyde,2072.4,0.0,34.0
182,9.980167,55.36943,Skelsager,2220.6,0.0,37.0
183,9.981165,55.379816,,2095.4,0.0,34.0
184,9.980291,55.399881,Lundevej,1610.0,0.0,26.0
185,9.984213,55.409208,Agerstien,1641.2,0.0,27.0
186,9.980624,55.430086,Hønneruplundvej,1639.7,0.0,27.0
187,9.979955,55.439701,Ejbyvej,1561.9,0.0,26.0
188,9.979533,55.459959,,1802.7,0.0,30.0
189,9.979354,55.480263,,1882.3,0.0,31.0
190,9.97905,55.490413,Egelundvej,1854.6,0.0,30.0
191,9.9801,55.510014,,2171.1,0.0,36.0
192,9.976525,55.519381,Lille Brogårdsvej,2182.2,0.0,36.0
193,9.988202,55.532342,Møllemarksvej,2467.2,0.0,41.0
194,10.000089,55.132788,Lindhovedvej,3226.2,0.0,53.0
195,9.993951,55.133735,,3293.7,0.0,54.0
196,9.998645,55.158234,Helnæs Byvej,2808.3,0.0,46.0
197,9.993836,55.169016,,3070.3,0.0,51.0
198,9.991358,55.191976,,2638.6,0.0,43.0
199,10.001094,55.200313,Brunshusevej,2543.5,0.0,42.0
200,10.370917,55.379996,,0.0,0.0,0.0
201,9.997446,55.220071,Helnæsvej,2360.9,0.0,39.0
202,9.998122,55.231194,Ulvemosevej,2385.2,0.0,39.0
203,9.997247,55.247681,,2219.3,0.0,36.0
204,9.995927,55.268787,Øxnebjergvej,2139.1,0.0,35.0
205,9.999925,55.280385,Lilletoftevej,2262.6,0.0,37.0
206,10.000046,55.301801,Vedtoftevej,2043.5,0.0,34.0
207,10.000299,55.311892,Heslevej,2077.5,0.0,34.0
208,10.00256,55.331051,Blangstrupvej,2064.3,0.0,34.0
209,10.001818,55.34037,,2014.6,0.0,33.0
210,10.00071,55.360871,Kertevej,1815.0,0.0,30.0
211,10.001511,55.370739,Kohavebakken,1836.1,0.0,30.0
212,10.000172,55.390831,Grønnegade,1666.4,0.0,27.0
213,10.001705,55.409501,,1798.3,0.0,29.0
214,9.999833,55.419988,Lillemarksgyden,1589.0,0.0,26.0
215,10.000062,55.439661,Ejbyvej,1520.9,0.0,25.0
216,10.000204,55.450072,Altonavej,1692.6,0.0,28.0
217,10.001326,55.468269,,1815.5,0.0,30.0
218,10.003835,55.479291,,1923.4,0.0,32.0
219,9.998839,55.500219,Bogensevej,2070.5,0.0,34.0
220,10.000709,55.509201,Orelundvej,2135.1,0.0,35.0
221,10.000409,55.528951,Nordborgvej,2394.0,0.0,39.0
222,10.007159,55.541121,Nyhave,2688.8,0.0,44.0
223,10.031054,55.124055,,3547.7,0.0,59.0
224,10.02147,55.133074,,3174.4,0.0,52.0
225,10.370917,55.379996,,0.0,0.0,0.0
226,10.018413,55.149696,Helnæs Byvej,2926.0,0.0,48.0
227,10.031203,55.185334,Ungersbjerge,2565.5,0.0,42.0
228,10.017364,55.200601,Sandhavegyden,2469.8,0.0,41.0
229,10.024889,55.209671,Smedegyden,2325.8,0.0,38.0
230,10.02082,55.230351,Høedvej,2188.7,0.0,36.0
231,10.020204,55.239922,Ruerne,2308.4,0.0,38.0
232,10.021197,55.259806,,1968.4,0.0,32.0
233,10.023805,55.270978,Sø Søbyvej,1886.3,0.0,31.0
234,10.020947,55.289399,,2152.4,0.0,35.0
235,10.019934,55.301935,Vedtoftevej,2149.3,0.0,35.0
236,10.01797,55.319914,Vonebjergvej,2058.4,0.0,34.0
237,10.018926,55.337161,,2059.6,0.0,34.0
238,10.014526,55.349386,Kaslundvej,2024.1,0.0,33.0
239,10.018807,55.371955,,1821.0,0.0,30.0
240,10.019653,55.379467,Lindebjerg,1623.7,0.0,27.0
241,10.018732,55.400343,Saltmosegyden,1472.8,0.0,24.0
242,10.019907,55.409955,,1418.2,0.0,23.0
243,10.021989,55.430901,Billesbølle Mark,1554.6,0.0,25.0
244,10.01837,55.441779,,1579.4,0.0,26.0
245,10.019972,55.459904,,1828.6,0.0,30.0
246,10.019907,55.480177,Fyllestedvej,2150.6,0.0,35.0
247,10.019633,55.494048,,2092.9,0.0,34.0
248,10.02007,55.509862,Orelundvej,2260.1,0.0,37.0
249,10.020557,55.520238,Oregårdvej,2347.4,0.0,39.0
250,10.370917,55.379996,,0.0,0.0,0.0
251,10.022833,55.540812,,2776.3,0.0,46.0
252,10.026389,55.546189,Donnervej,2481.7,0.0,41.0
253,10.0404,55.133767,Strandbakken,3235.6,0.0,53.0
254,10.037825,55.13646,Strandbakken,3338.7,0.0,55.0
255,10.053121,55.176778,Skovkrogen,2552.2,0.0,42.0
256,10.048406,55.190033,Nymarksvej,2317.2,0.0,38.0
257,10.054815,55.200382,Gammel Skolevej,2251.1,0.0,37.0
258,10.055339,55.219055,,2187.5,0.0,36.0
259,10.047496,55.233413,,2109.8,0.0,35.0
260,10.048698,55.247151,Hesselbjergvej,2052.8,0.0,34.0
261,10.050287,55.271217,,1829.0,0.0,30.0
262,10.048517,55.279182,Stængelrisvej,1871.1,0.0,31.0
263,10.048999,55.300139,Sognevej,1997.0,0.0,33.0
264,10.050779,55.309585,Bogensevej,1905.1,0.0,31.0
265,10.050676,55.329965,Bogensevej,1767.9,0.0,29.0
266,10.049998,55.340105,,1776.0,0.0,29.0
267,10.048929,55.360267,Kærlighedsstien,1765.5,0.0,29.0
268,10.049924,55.369862,Solbakken,1656.3,0.0,27.0
269,10.04951,55.389963,Erholmvej,1350.8,0.0,22.0
270,10.050672,55.411143,,1225.9,0.0,20.0
271,10.049904,55.419294,Snerlevej,1368.1,0.0,22.0
272,10.052255,55.439692,Knabosholmvej,1603.2,0.0,26.0
273,10.050059,55.450314,,1804.8,0.0,30.0
274,10.049999,55.470006,,1914.0,0.0,31.0
275,10.370917,55.379996,,0.0,0.0,0.0
276,10.053098,55.478932,,1943.8,0.0,32.0
277,10.049878,55.500411,Tvedslundvej,2202.7,0.0,36.0
278,10.049491,55.51115,Middelfartvej,2256.7,0.0,37.0
279,10.046171,55.527848,,2609.9,0.0,43.0
280,10.04572,55.552166,Huggetvej,2727.1,0.0,45.0
281,10.050448,55.558872,Storkenhøjvej,2437.3,0.0,40.0
282,10.074565,55.077575,Sandageren,3224.7,0.0,53.0
283,10.079141,55.087591,,3025.7,0.0,50.0
284,10.07969,55.097316,Dyndkrogvej,3020.7,0.0,50.0
285,10.070554,55.179884,Løgismose Skov,2380.2,0.0,39.0
286,10.076072,55.201039,,2163.2,0.0,36.0
287,10.069444,55.209055,Søbrovej,2051.4,0.0,34.0
288,10.069008,55.232075,Voldtofte Vænge,2005.8,0.0,33.0
289,10.070213,55.240149,Ebberupvej,1915.7,0.0,31.0
290,10.070028,55.259886,Langgade,1781.6,0.0,29.0
291,10.070101,55.270204,Assensvej,1695.1,0.0,28.0
292,10.068252,55.2902,Koppenbjergvej,1889.1,0.0,31.0
293,10.062962,55.296106,Bogensevej,1889.5,0.0,31.0
294,10.071491,55.320829,Jesgyden,1907.2,0.0,31.0
295,10.072907,55.341052,,1875.9,0.0,31.0
296,10.069578,55.351205,Degnegyden,1628.3,0.0,27.0
297,10.069254,55.369375,,1662.5,0.0,27.0
298,10.070955,55.379842,Lungerne,1611.5,0.0,26.0
299,10.076732,55.404012,Østerskovvej,1442.7,0.0,24.0
300,10.370917,55.379996,,0.0,0.0,0.0
301,10.06997,55.410334,Fynske Motorvej,1128.7,0.0,18.0
302,10.068424,55.430287,Dybmosegårdsvej,1643.1,0.0,27.0
303,10.068227,55.441556,Skydsbjergvej,1928.6,0.0,32.0
304,10.070659,55.459795,,1873.5,0.0,31.0
305,10.068665,55.480224,Møllegyden,1901.8,0.0,31.0
306,10.065905,55.490174,Møllegyden,2014.1,0.0,33.0
307,10.064882,55.510564,Nørreløkke,2359.2,0.0,39.0
308,10.070568,55.51975,Middelfartvej,2227.0,0.0,37.0
309,10.065821,55.537738,,2337.1,0.0,38.0
310,10.068637,55.55108,,2245.8,0.0,37.0
311,10.077029,55.56846,,2461.7,0.0,41.0
312,10.093001,55.080627,Hornenæs Skov,3054.1,0.0,50.0
313,10.092917,55.087922,Bystævnevej,3088.0,0.0,51.0
314,10.088357,55.107438,Kalvørevej,3044.9,0.0,50.0
315,10.084053,55.176509,Løgismose Skov,2691.6,0.0,44.0
316,10.083176,55.193237,Nellemosevej,2117.9,0.0,35.0
317,10.089935,55.20028,,2078.6,0.0,34.0
318,10.089655,55.219957,Kastebovej,2032.6,0.0,33.0
319,10.090533,55.230199,Hårbyvej,1931.1,0.0,32.0
320,10.090431,55.251043,Springenbjergvej,1801.6,0.0,30.0
321,10.090041,55.269294,,1649.5,0.0,27.0
322,10.088271,55.280044,,1884.3,0.0,31.0
323,10.083259,55.306485,Nårupvej,2011.1,0.0,33.0
324,10.087661,55.310154,Nårupvej,1912.7,0.0,31.0
325,10.370917,55.379996,,0.0,0.0,0.0
326,10.090079,55.328995,Sædholmvej,2028.4,0.0,33.0
327,10.084933,55.341015,Frøbjerg Vænge,2049.6,0.0,34.0
328,10.090775,55.360508,Ladegård Mark,1559.9,0.0,25.0
329,10.091436,55.371259,,1648.0,0.0,27.0
330,10.091938,55.39002,Assenbøllevej,1384.1,0.0,23.0
331,10.089241,55.409269,Lille Roldvej,1516.6,0.0,25.0
332,10.090869,55.420251,,1561.3,0.0,26.0
333,10.088934,55.440103,Lågevej,1542.3,0.0,25.0
334,10.089275,55.449085,Hannover,1541.2,0.0,25.0
335,10.089014,55.469514,,1789.3,0.0,29.0
336,10.085687,55.479743,Bogensevej,1804.7,0.0,30.0
337,10.090006,55.500008,Ejlskovvej,1998.4,0.0,33.0
338,10.090201,55.510083,Hjortebjergvej,2145.0,0.0,35.0
339,10.087184,55.530471,Middelfartvej,2144.6,0.0,35.0
340,10.090026,55.550095,,2110.7,0.0,35.0
341,10.08985,55.560052,Odensevej,2117.4,0.0,35.0
342,10.098026,55.570893,Stegøvej,2313.4,0.0,38.0
343,10.129272,55.045761,Vestensvej,5301.4,1.0,28.0
344,10.119789,55.090289,Siøvej,2867.1,0.0,47.0
345,10.121061,55.10008,Almarksvej,2719.0,0.0,45.0
346,10.117992,55.114702,Hesseløjevej,2937.7,0.0,48.0
347,10.133564,55.159038,Bjerghammer,2387.4,0.0,39.0
348,10.124002,55.187619,Strandby Skov,2267.0,0.0,37.0
349,10.120318,55.19945,Strandbyvej,2050.1,0.0,34.0
350,10.370917,55.379996,,0.0,0.0,0.0
351,10.119276,55.210188,,2047.6,0.0,34.0
352,10.118035,55.2298,Holmevej,1878.8,0.0,31.0
353,10.121062,55.239814,Holmevej,2200.9,0.0,36.0
354,10.120197,55.260096,Byvejen,1598.9,0.0,26.0
355,10.11979,55.269562,Odensevej,1480.0,0.0,24.0
356,10.118883,55.29016,Krengerupvej,1709.8,0.0,28.0
357,10.119318,55.300004,Krengerupvej,1767.7,0.0,29.0
358,10.11696,55.321637,Nyrupvej,1861.6,0.0,31.0
359,10.119808,55.338616,,1604.5,0.0,26.0
360,10.121069,55.349511,Pejrupvej,1650.2,0.0,27.0
361,10.120036,55.369627,Skalbjergvej,1611.8,0.0,26.0
362,10.121604,55.380014,Lergyden,1321.5,0.0,22.0
363,10.121872,55.402017,,1462.4,0.0,24.0
364,10.119626,55.409055,Fynske Motorvej,1379.2,0.0,22.0
365,10.121167,55.429702,Skovmøllevej,1496.5,0.0,24.0
366,10.119889,55.439856,Paddesøvej,1626.7,0.0,27.0
367,10.119556,55.459775,Hedebovej,1695.2,0.0,28.0
368,10.119838,55.480366,Axel Brahesvej,1930.9,0.0,32.0
369,10.119908,55.489924,Lykkesborgvej,2032.7,0.0,33.0
370,10.11928,55.510517,Gulløkken,1999.9,0.0,33.0
371,10.11735,55.524279,Lundsgårdvej,1908.1,0.0,31.0
372,10.121291,55.538958,Jydgyden,1923.7,0.0,32.0
373,10.117526,55.549791,Fælledvej,2226.1,0.0,37.0
374,10.121237,55.567843,,2367.7,0.0,39.0
375,10.370917,55.379996,,0.0,0.0,0.0
376,10.12203,55.577988,Stegøvej,2578.7,0.0,42.0
377,10.139171,55.034249,Søndenvej,5335.6,1.0,28.0
378,10.138938,55.048389,Revvej,5159.5,1.0,25.0
379,10.135875,55.055367,Revvej,5534.4,1.0,32.0
380,10.140669,55.087249,,3024.8,0.0,50.0
381,10.140357,55.089739,Dueredsvænget,2982.7,0.0,49.0
382,10.137453,55.109775,,2728.9,0.0,45.0
383,10.137612,55.119248,Bønnelandsvej,2744.8,0.0,45.0
384,10.150226,55.145596,,2620.6,0.0,43.0
385,10.140286,55.16004,,2151.9,0.0,35.0
386,10.137411,55.168778,Landevejen,2539.6,0.0,42.0
387,10.141199,55.192118,Strandbyvej,2002.5,0.0,33.0
388,10.138563,55.200778,,2248.1,0.0,37.0
389,10.139536,55.220082,,1895.1,0.0,31.0
390,10.138806,55.229616,,1891.8,0.0,31.0
391,10.140011,55.25223,,1621.0,0.0,27.0
392,10.140311,55.269431,Langerod,1459.2,0.0,24.0
393,10.139847,55.279993,Holtevej,1479.8,0.0,24.0
394,10.139484,55.298587,Holtevej,1704.1,0.0,28.0
395,10.139122,55.306842,Krengerupvej,1616.5,0.0,26.0
396,10.140897,55.330191,Skovstrupvej,1509.6,0.0,25.0
397,10.136014,55.341123,,1542.8,0.0,25.0
398,10.139841,55.360037,,1553.9,0.0,25.0
399,10.14096,55.368436,,1434.0,0.0,23.0
400,10.370917,55.379996,,0.0,0.0,0.0
401,10.139987,55.389995,,1144.9,0.0,19.0
402,10.139866,55.409199,,1362.4,0.0,22.0
403,10.14301,55.420459,Vædehave,1200.4,0.0,20.0
404,10.138538,55.440366,Sasserod,1536.5,0.0,25.0
405,10.140701,55.449458,,1460.2,0.0,24.0
406,10.140008,55.4699,,1874.8,0.0,31.0
407,10.1385,55.478317,Axel Brahesvej,1865.3,0.0,31.0
408,10.139422,55.500718,,1882.7,0.0,31.0
409,10.139604,55.510158,Møllevej,3500.3,0.0,58.0
410,10.140152,55.529665,Kolshave,1918.8,0.0,31.0
411,10.140703,55.552015,,2218.5,0.0,36.0
412,10.145063,55.559894,Burskovvej,2238.3,0.0,37.0
413,10.122243,55.577919,Stegøvej,2581.8,0.0,43.0
414,10.16878,55.038002,Smedegyden,6080.0,1.0,41.0
415,10.158626,55.052267,Molevej,4870.6,1.0,21.0
416,10.170006,55.09132,,2858.3,0.0,47.0
417,10.17158,55.100043,Tåstebjerggyden,2573.8,0.0,42.0
418,10.170192,55.120019,Hornegyden,2669.8,0.0,44.0
419,10.168623,55.132484,Strandholmen,2592.6,0.0,43.0
420,10.175928,55.148836,Præstevænget,2499.0,0.0,41.0
421,10.169151,55.161803,,2524.5,0.0,42.0
422,10.170847,55.181586,Bremerholmsgyden,2230.2,0.0,37.0
423,10.171771,55.20205,Jordløse Møllevej,1924.4,0.0,32.0
424,10.173501,55.20471,Søbo Løkker,1963.9,0.0,32.0
425,10.370917,55.379996,,0.0,0.0,0.0
426,10.171886,55.229528,,1708.0,0.0,28.0
427,10.177004,55.240011,,1793.2,0.0,29.0
428,10.169935,55.260454,Langstedvej,1633.9,0.0,27.0
429,10.169511,55.271445,Højrupgyden,1689.5,0.0,28.0
430,10.165923,55.288562,Skovsbovej,1339.7,0.0,22.0
431,10.1697,55.299615,Neversvej,1380.6,0.0,23.0
432,10.172849,55.320017,Kivsmosevej,1458.7,0.0,24.0
433,10.170269,55.340322,Høgsholtvej,1352.2,0.0,22.0
434,10.170135,55.349329,Højsletten,1379.7,0.0,22.0
435,10.168823,55.370123,Magtenbøllevej,1167.4,0.0,19.0
436,10.173201,55.379187,Magtenbøllevej,1063.0,0.0,17.0
437,10.169933,55.400122,Kelstrupskovvej,1104.8,0.0,18.0
438,10.171164,55.409518,,1085.3,0.0,18.0
439,10.167364,55.429355,Elverodvej,1391.5,0.0,23.0
440,10.176882,55.440474,,1434.7,0.0,23.0
441,10.173118,55.460973,Farstrup Hed,1751.5,0.0,29.0
442,10.168864,55.480828,Kildehaven,1810.0,0.0,30.0
443,10.168565,55.491321,Veflinge Skovvej,1743.5,0.0,29.0
444,10.170603,55.509801,Kirkevej,1643.8,0.0,27.0
445,10.168657,55.519745,Slagstrupvej,1715.2,0.0,28.0
446,10.17257,55.540713,Birkholmvej,1936.7,0.0,32.0
447,10.169914,55.549998,Birkholmvej,2043.7,0.0,34.0
448,10.170128,55.567754,Gyldensteensvej,2153.2,0.0,35.0
449,10.160662,55.579788,,2466.9,0.0,41.0
450,10.370917,55.379996,,0.0,0.0,0.0
451,10.190063,55.593968,Lindøhoved,2434.1,0.0,40.0
452,10.190063,55.593968,Lindøhoved,2434.1,0.0,40.0
453,10.198618,55.063,Knoldsvej,2994.8,0.0,49.0
454,10.192427,55.080586,,2628.5,0.0,43.0
455,10.187891,55.089911,Sinebjergvej,2641.9,0.0,44.0
456,10.189841,55.109361,,2425.5,0.0,40.0
457,10.191734,55.133056,,2673.3,0.0,44.0
458,10.191906,55.140057,Stenbækvej,2548.0,0.0,42.0
459,10.191085,55.163127,Kalovn,2418.2,0.0,40.0
460,10.187456,55.170296,Pallesgyden,2232.8,0.0,37.0
461,10.191928,55.189434,,2133.0,0.0,35.0
462,10.191656,55.201274,Søbo Løkker,2167.5,0.0,36.0
463,10.185577,55.21784,Trunderupvej,1801.5,0.0,30.0
464,10.188398,55.231922,,1614.4,0.0,26.0
465,10.19,55.24967,Vøjstrupvej,1626.6,0.0,27.0
466,10.19248,55.266302,Bøgholmvej,1834.2,0.0,30.0
467,10.189923,55.280002,,1464.4,0.0,24.0
468,10.191643,55.301057,,1473.5,0.0,24.0
469,10.189895,55.310131,Krengerupvej,1392.2,0.0,23.0
470,10.189501,55.329846,Sortebrovej,1321.7,0.0,22.0
471,10.189406,55.341378,,1348.1,0.0,22.0
472,10.188184,55.360047,Kirkevej,1068.9,0.0,17.0
473,10.188554,55.370369,,1052.4,0.0,17.0
474,10.189755,55.389758,Kelstrupvej,959.9,0.0,15.0
475,10.370917,55.379996,,0.0,0.0,0.0
476,10.190454,55.409897,Langesøvej,1058.1,0.0,17.0
477,10.193886,55.419223,Langesøvej,1166.5,0.0,19.0
478,10.191965,55.440579,,1359.4,0.0,22.0
479,10.189349,55.450003,Plantagevej,1417.7,0.0,23.0
480,10.190001,55.469994,Havgårdsvej,1588.1,0.0,26.0
481,10.194524,55.479753,Stormarken,1797.9,0.0,29.0
482,10.19326,55.498844,Kosterslevhuse,1521.2,0.0,25.0
483,10.189554,55.511832,Askebyvej,1627.4,0.0,27.0
484,10.189956,55.53008,,1891.4,0.0,31.0
485,10.185106,55.550062,Tyentved,2424.1,0.0,40.0
486,10.190219,55.558886,Møllerled,2287.3,0.0,38.0
487,10.196871,55.577939,Nabbevej,2263.8,0.0,37.0
488,10.194222,55.591816,Lindøhoved,2355.7,0.0,39.0
489,10.190356,55.593972,,2444.4,0.0,40.0
490,10.190356,55.593972,,2444.4,0.0,40.0
491,10.222755,55.601559,Bregnebjerg,2898.1,0.0,48.0
492,10.21002,55.070082,Dyreborgvej,2722.0,0.0,45.0
493,10.209809,55.087335,,2610.9,0.0,43.0
494,10.207366,55.099855,Johan Rantzaus Vej,2430.8,0.0,40.0
495,10.211895,55.120191,Grubbemøllegyden,2382.6,0.0,39.0
496,10.210363,55.130361,,2467.4,0.0,41.0
497,10.20869,55.152914,Stenbækvej,2497.3,0.0,41.0
498,10.209711,55.160999,,2365.8,0.0,39.0
499,10.211705,55.181676,,2228.3,0.0,37.0
500,10.370917,55.379996,,0.0,0.0,0.0
501,10.209646,55.198868,Tørvegyden,2080.2,0.0,34.0
502,10.210233,55.209786,Søbovej,1876.2,0.0,31.0
503,10.212819,55.226399,Dyndbjergvej,1714.7,0.0,28.0
504,10.209591,55.24055,,1712.3,0.0,28.0
505,10.210081,55.260045,Kohavegyden,1643.4,0.0,27.0
506,10.21072,55.266331,Kohavegyden,1875.9,0.0,31.0
507,10.210386,55.290106,Sydmarksvej,1283.3,0.0,21.0
508,10.209947,55.299564,Maevej,1232.4,0.0,20.0
509,10.210583,55.320177,,1250.6,0.0,20.0
510,10.20823,55.34386,,1264.1,0.0,21.0
511,10.210129,55.349031,,1351.0,0.0,22.0
512,10.210787,55.372966,,1011.7,0.0,16.0
513,10.211517,55.38015,Bøllemosegyden,857.5,0.0,14.0
514,10.20801,55.401539,Dyregrav Væde Vej,975.1,0.0,16.0
515,10.215242,55.412689,Troelsevej,1208.7,0.0,20.0
516,10.208406,55.431243,,1323.7,0.0,22.0
517,10.210205,55.44033,Rugårdsvej,1145.0,0.0,19.0
518,10.208815,55.460041,Ruevej,1403.8,0.0,23.0
519,10.210626,55.480514,Kosterslevvej,1513.1,0.0,25.0
520,10.205687,55.489201,Kosterslevvej,1736.4,0.0,28.0
521,10.204561,55.510017,,1604.6,0.0,26.0
522,10.208575,55.519661,Enghaven,1711.6,0.0,28.0
523,10.209488,55.539917,Tøvlidtvej,2290.6,0.0,38.0
524,10.209745,55.55012,Jerstrupvej,2106.5,0.0,35.0
525,10.370917,55.379996,,0.0,0.0,0.0
526,10.210128,55.570557,Gyldensteensvej,2003.8,0.0,33.0
527,10.210159,55.579998,Jersorevej,2117.5,0.0,35.0
528,10.21813,55.596934,,2463.0,0.0,41.0
529,10.244514,54.922659,Lebymarksvej,6492.5,1.0,48.0
530,10.243602,54.936549,,6501.7,1.0,48.0
531,10.244078,55.030812,Holmevej,5172.7,1.0,26.0
532,10.228486,55.08095,Bjerne Langgyde,2783.1,0.0,46.0
533,10.239725,55.09269,Kanalvej,2525.7,0.0,42.0
534,10.239858,55.110124,,2334.0,0.0,38.0
535,10.240288,55.129796,Bjergevej,2224.7,0.0,37.0
536,10.236011,55.141577,Nørremarken,2228.2,0.0,37.0
537,10.240213,55.160155,Skelbanke,2239.8,0.0,37.0
538,10.240584,55.170772,,2173.6,0.0,36.0
539,10.240148,55.190575,,1975.4,0.0,32.0
540,10.241882,55.200355,,1955.1,0.0,32.0
541,10.240034,55.219838,Bjerget,2015.3,0.0,33.0
542,10.240039,55.230033,Husmandsgyden,1727.2,0.0,28.0
543,10.241052,55.251132,,1412.6,0.0,23.0
544,10.240989,55.269976,Verningevej,1364.2,0.0,22.0
545,10.243872,55.283198,Lindebjergvej,1495.3,0.0,24.0
546,10.239621,55.30176,Vesterlaugsvej,1501.3,0.0,25.0
547,10.240515,55.310004,Birkevej,1449.9,0.0,24.0
548,10.239773,55.330494,,1188.9,0.0,19.0
549,10.238866,55.340973,Brunsegyden,1143.7,0.0,19.0
550,10.370917,55.379996,,0.0,0.0,0.0
551,10.240722,55.360409,Mosegyden,1059.2,0.0,17.0
552,10.243801,55.368394,Kildeholmvej,1015.2,0.0,16.0
553,10.240842,55.389832,,713.4,0.0,11.0
554,10.24091,55.410735,Højbjergvej,918.2,0.0,15.0
555,10.245524,55.423507,,1095.9,0.0,18.0
556,10.239922,55.439965,Rue Hed,1145.9,0.0,19.0
557,10.241492,55.450778,,1354.8,0.0,22.0
558,10.240277,55.469975,Margårdsskovvej,1318.6,0.0,21.0
559,10.242081,55.479028,Industrivej,1352.5,0.0,22.0
560,10.238882,55.498627,,1597.6,0.0,26.0
561,10.239871,55.510189,Tårnbjergvej,1957.0,0.0,32.0
562,10.240137,55.52972,Rostrupvej,1791.4,0.0,29.0
563,10.23745,55.549805,,1858.5,0.0,30.0
564,10.23667,55.561831,Krogen,2126.8,0.0,35.0
565,10.240588,55.577984,,2120.6,0.0,35.0
566,10.238768,55.592366,,2430.9,0.0,40.0
567,10.241247,55.605146,Nørrebystrand,2998.5,0.0,49.0
568,10.274537,54.905205,Tværbymark,6597.1,1.0,49.0
569,10.264563,54.914916,Lebymarksvej,6650.8,1.0,50.0
570,10.26409,54.93197,,6298.7,1.0,44.0
571,10.255764,54.942915,Søby Havn,6264.7,1.0,44.0
572,10.260017,55.020048,Skallevej,5364.8,1.0,29.0
573,10.254556,55.036534,,5014.3,1.0,23.0
574,10.260012,55.090017,Toldertoften,2495.3,0.0,41.0
575,10.370917,55.379996,,0.0,0.0,0.0
576,10.26308,55.10046,,2561.9,0.0,42.0
577,10.262493,55.119969,,2381.9,0.0,39.0
578,10.261156,55.130269,,2316.5,0.0,38.0
579,10.256247,55.150611,Gammelskovvej,2085.2,0.0,34.0
580,10.26151,55.161336,,2102.8,0.0,35.0
581,10.260753,55.180172,,2015.4,0.0,33.0
582,10.262095,55.20163,Nydamsvej,1935.9,0.0,32.0
583,10.258892,55.209377,,1893.9,0.0,31.0
584,10.259032,55.23001,,1575.7,0.0,26.0
585,10.255845,55.240236,,1555.6,0.0,25.0
586,10.260734,55.260499,Odensevej,1446.6,0.0,24.0
587,10.262531,55.269673,Odensevej,1224.3,0.0,20.0
588,10.254342,55.292806,Hjelmerupvej,1520.4,0.0,25.0
589,10.2596,55.299708,,1123.9,0.0,18.0
590,10.2608,55.319955,,1127.8,0.0,18.0
591,10.261121,55.339643,,1196.8,0.0,19.0
592,10.260457,55.350407,,1016.4,0.0,16.0
593,10.259995,55.369728,Elleholmvej,746.6,0.0,12.0
594,10.259836,55.37883,Bøllemosegyden,680.1,0.0,11.0
595,10.260246,55.399982,Kalørvej,686.4,0.0,11.0
596,10.260983,55.410775,,931.2,0.0,15.0
597,10.260356,55.431627,,1219.6,0.0,20.0
598,10.256162,55.440591,Amagervej,1168.6,0.0,19.0
599,10.260425,55.459027,,1232.0,0.0,20.0
600,10.370917,55.379996,,0.0,0.0,0.0
601,10.260253,55.480017,Sømarksvej,1376.1,0.0,22.0
602,10.260028,55.489994,Nordmarksvænget,1500.7,0.0,25.0
603,10.25416,55.512459,,1616.2,0.0,26.0
604,10.260372,55.517416,,1658.7,0.0,27.0
605,10.258794,55.54251,Bogensevej,1709.0,0.0,28.0
606,10.261615,55.551299,Højrup Mosevej,1814.9,0.0,30.0
607,10.259946,55.570218,Nørre Næråvej,2156.8,0.0,35.0
608,10.260514,55.582365,Klintevej,2230.9,0.0,37.0
609,10.265171,55.599476,Halsvej,2372.6,0.0,39.0
610,10.289695,54.895597,Tværbymark,6760.1,1.0,52.0
611,10.278651,54.910407,Kobbelbakken,6518.1,1.0,48.0
612,10.280078,54.920015,Søbygårdsmarksvej,6380.0,1.0,46.0
613,10.282677,54.936943,Søby Nørremarksvej,6506.0,1.0,48.0
614,10.279835,55.019285,Hovedvejen,5362.6,1.0,29.0
615,10.267507,55.028198,,5320.6,1.0,28.0
616,10.283489,55.081087,Ny Holstensprøve,2556.4,0.0,42.0
617,10.277043,55.09063,,2631.4,0.0,43.0
618,10.279245,55.109945,,2498.9,0.0,41.0
619,10.278496,55.129318,,2521.4,0.0,42.0
620,10.28088,55.139044,,2327.5,0.0,38.0
621,10.278001,55.163256,,1958.5,0.0,32.0
622,10.280501,55.170241,Hellebjergvej,1839.9,0.0,30.0
623,10.279562,55.190083,Rishøjvej,1960.9,0.0,32.0
624,10.282474,55.199198,Sandholtvej,1865.2,0.0,31.0
625,10.370917,55.379996,,0.0,0.0,0.0
626,10.274634,55.215691,Thorslundsvej,2081.3,0.0,34.0
627,10.280358,55.228916,Karlsbjergvej,1630.1,0.0,27.0
628,10.278985,55.250555,,1555.2,0.0,25.0
629,10.283621,55.270457,Ny Vestergade,1503.7,0.0,25.0
630,10.278364,55.281297,Ruevej,1323.3,0.0,22.0
631,10.273089,55.302227,Solevadvej,1162.4,0.0,19.0
632,10.280037,55.309992,Humlekrogen,1084.2,0.0,18.0
633,10.280059,55.329511,Vibækvej,1107.4,0.0,18.0
634,10.277763,55.339486,Bindekildevej,1044.2,0.0,17.0
635,10.279445,55.360254,,789.8,0.0,13.0
636,10.279547,55.36826,Nielstrupvej,608.0,0.0,10.0
637,10.28007,55.390008,Vejruplundvej,539.5,0.0,8.0
638,10.2818,55.410131,Tyrsbjergvej,1046.5,0.0,17.0
639,10.279415,55.420027,Lærkevænget,888.3,0.0,14.0
640,10.280297,55.440224,Ålemarksgyden,1167.1,0.0,19.0
641,10.280363,55.450293,Bogensevej,1054.2,0.0,17.0
642,10.281409,55.46997,Holmevej,1565.3,0.0,26.0
643,10.279149,55.480947,Kalvegangen,1486.5,0.0,24.0
644,10.283879,55.500654,,1554.6,0.0,25.0
645,10.279366,55.509861,Stensbyvej,1515.5,0.0,25.0
646,10.278332,55.529982,Bredgade,1725.1,0.0,28.0
647,10.284414,55.552685,,1850.9,0.0,30.0
648,10.2799,55.560302,,1921.3,0.0,32.0
649,10.271415,55.58139,Kissemae,2337.1,0.0,38.0
650,10.370917,55.379996,,0.0,0.0,0.0
651,10.276584,55.590664,,2473.0,0.0,41.0
652,10.27242,55.606523,,2620.2,0.0,43.0
653,10.294612,55.620408,Flyvesandsvej,2668.4,0.0,44.0
654,10.304007,54.884026,Mølledamsvej,7077.4,1.0,57.0
655,10.308695,54.900759,Bregninge Møllevej,6708.5,1.0,51.0
656,10.309779,54.910704,Øverste Skovbymark,6700.6,1.0,51.0
657,10.297429,54.924248,Snorløkke,6723.8,1.0,52.0
658,10.312099,55.011461,Søkildevej,5754.8,1.0,35.0
659,10.305354,55.016699,Hovedvejen,5656.5,1.0,34.0
660,10.312257,55.063323,,3017.1,0.0,50.0
661,10.313192,55.072324,,2878.1,0.0,47.0
662,10.308169,55.089787,Vingårdsvej,2706.9,0.0,45.0
663,10.309286,55.100924,Tjenerhjørnet,2617.2,0.0,43.0
664,10.310888,55.119941,Holstenshuusvej,2406.3,0.0,40.0
665,10.313983,55.128296,Holstenshuusvej,2316.1,0.0,38.0
666,10.312792,55.143038,,2289.6,0.0,38.0
667,10.315024,55.164228,,2000.3,0.0,33.0
668,10.310794,55.181092,Øster Hæsingevej,1845.1,0.0,30.0
669,10.310446,55.200204,Sinaivej,1718.6,0.0,28.0
670,10.303242,55.20866,,1884.9,0.0,31.0
671,10.313528,55.23309,Sallingeskovvej,1646.0,0.0,27.0
672,10.309347,55.239931,Sallingevej,1684.1,0.0,28.0
673,10.314326,55.259318,Lindholmgyden,1510.2,0.0,25.0
674,10.310245,55.269967,,1330.5,0.0,22.0
675,10.370917,55.379996,,0.0,0.0,0.0
676,10.309425,55.291906,Skovhavevej,1232.1,0.0,20.0
677,10.310584,55.299562,,1111.2,0.0,18.0
678,10.310561,55.320259,Stensgårdsvej,983.7,0.0,16.0
679,10.310186,55.340071,Egøgårdvej,862.7,0.0,14.0
680,10.309728,55.348334,Bronzevej,765.8,0.0,12.0
681,10.310135,55.369361,Sanderumvej,429.0,0.0,7.0
682,10.310177,55.380005,Bavnedamvej,460.9,0.0,7.0
683,10.310147,55.400032,,588.5,0.0,9.0
684,10.308043,55.4095,,946.6,0.0,15.0
685,10.311204,55.432916,Chr. Lehns Vænge,985.5,0.0,16.0
686,10.310277,55.439866,,962.3,0.0,16.0
687,10.309504,55.459844,Allesø-Norden,1150.3,0.0,19.0
688,10.309409,55.479714,Serupvej,1402.0,0.0,23.0
689,10.308404,55.490067,Grønnegyden,1298.4,0.0,21.0
690,10.312143,55.510084,Torupvej,1547.6,0.0,25.0
691,10.310935,55.520325,,1498.2,0.0,24.0
692,10.311265,55.542034,Holemarken,1695.4,0.0,28.0
693,10.309905,55.549725,Heden,1700.3,0.0,28.0
694,10.311819,55.568772,,2012.4,0.0,33.0
695,10.309725,55.579893,Kirkemarken,2025.8,0.0,33.0
696,10.312244,55.603646,,2414.5,0.0,40.0
697,10.308303,55.619792,Flyvesandsvej,2418.2,0.0,40.0
698,10.334938,54.866197,,7082.2,1.0,58.0
699,10.333389,54.881833,Vesterløkke,6784.0,1.0,53.0
700,10.370917,55.379996,,0.0,0.0,0.0
701,10.330749,54.889736,Grønnemosevej,6890.1,1.0,54.0
702,10.325154,54.911903,Øverste Skovbymark,6947.7,1.0,55.0
703,10.317676,54.918229,,6943.9,1.0,55.0
704,10.334924,55.006981,,5954.6,1.0,39.0
705,10.332438,55.015498,Nakkevej,5934.8,1.0,38.0
706,10.332651,55.055669,Tværvej,3177.9,0.0,52.0
707,10.330952,55.060011,,2942.3,0.0,49.0
708,10.330733,55.078078,Svendborgvej,2697.9,0.0,44.0
709,10.331832,55.088158,,2722.9,0.0,45.0
710,10.330287,55.109227,Øxenhaverne,2686.4,0.0,44.0
711,10.32363,55.12935,Nyløkke,2290.0,0.0,38.0
712,10.329378,55.13986,,2196.0,0.0,36.0
713,10.331664,55.15662,Øvej,2208.0,0.0,36.0
714,10.333007,55.167612,Rodalsvej,2408.7,0.0,40.0
715,10.330112,55.191615,Åbylundvej,1757.7,0.0,29.0
716,10.330121,55.199705,Nedre Hillerslev,1652.5,0.0,27.0
717,10.330129,55.219734,Gelskovvej,1568.6,0.0,26.0
718,10.330726,55.23123,Sallingeskovvej,1561.9,0.0,26.0
719,10.328484,55.25,Allestedgårdsvej,1561.8,0.0,26.0
720,10.329454,55.26782,,1464.8,0.0,24.0
721,10.329132,55.280457,Fangelvej,1168.4,0.0,19.0
722,10.329998,55.299999,Allestedvej,1015.5,0.0,16.0
723,10.331742,55.312416,Lovbjergvej,974.2,0.0,16.0
724,10.330039,55.329833,Kratholmvej,809.1,0.0,13.0
725,10.370917,55.379996,,0.0,0.0,0.0
726,10.329266,55.339922,Faaborgvej,757.2,0.0,12.0
727,10.329992,55.36011,,536.0,0.0,8.0
728,10.330142,55.369989,,378.0,0.0,6.0
729,10.330064,55.390002,,375.6,0.0,6.0
730,10.330187,55.41016,Tingvallavej,622.7,0.0,10.0
731,10.329902,55.42018,Rypebakken,811.1,0.0,13.0
732,10.331613,55.437759,,1022.1,0.0,17.0
733,10.32983,55.45187,,1287.4,0.0,21.0
734,10.33005,55.469991,Beldringevej,1152.1,0.0,19.0
735,10.328031,55.482539,Lunde Åvej,1241.3,0.0,20.0
736,10.331991,55.499064,Bladstrupvej,1469.7,0.0,24.0
737,10.331252,55.508474,Glavendrupvej,1331.1,0.0,22.0
738,10.329536,55.527744,Marbækvej,1454.7,0.0,24.0
739,10.329163,55.550878,Holemarken,1762.1,0.0,29.0
740,10.32953,55.559803,Dalene,1811.0,0.0,30.0
741,10.329452,55.578268,Nybovej,2012.2,0.0,33.0
742,10.330783,55.589785,Kørupvej,2061.7,0.0,34.0
743,10.326204,55.608606,Flyvesandsvej,2270.6,0.0,37.0
744,10.339943,55.612928,,2745.7,0.0,45.0
745,10.363863,54.847918,Klintevej,7387.7,2.0,3.0
746,10.356127,54.851379,Husmarken,7343.5,2.0,2.0
747,10.34976,54.870118,Holmevej Tranderup,7042.8,1.0,57.0
748,10.350409,54.879925,Borgnæs Møllevej,6907.6,1.0,55.0
749,10.344916,54.896714,Borgnæs Møllevej,7104.1,1.0,58.0
750,10.370917,55.379996,,0.0,0.0,0.0
751,10.366218,54.975586,Drejø Skov,5697.3,1.0,34.0
752,10.340248,55.008245,Kappelodde,6216.4,1.0,43.0
753,10.35113,55.060079,Østergyden,2991.2,0.0,49.0
754,10.349279,55.069725,,2900.1,0.0,48.0
755,10.349282,55.091128,,2639.1,0.0,43.0
756,10.348445,55.100076,Krøllegårdsvej,2630.5,0.0,43.0
757,10.349263,55.117505,Grønderupvej,2386.7,0.0,39.0
758,10.354818,55.129809,,2298.3,0.0,38.0
759,10.34869,55.151652,,2059.6,0.0,34.0
760,10.351929,55.160186,,2057.2,0.0,34.0
761,10.350169,55.180051,Hågerupvej,1821.6,0.0,30.0
762,10.342169,55.200157,,1736.4,0.0,28.0
763,10.349804,55.209944,,1811.2,0.0,30.0
764,10.350241,55.229693,Møllergyden,1478.1,0.0,24.0
765,10.351463,55.239302,Fåborgvej,1384.0,0.0,23.0
766,10.351637,55.261219,Hedenvej,1343.5,0.0,22.0
767,10.345862,55.268288,,1436.7,0.0,23.0
768,10.357795,55.289386,Nyvej,1311.8,0.0,21.0
769,10.355141,55.299325,,1277.0,0.0,21.0
770,10.350549,55.321648,,971.5,0.0,16.0
771,10.35018,55.340133,Svenstrupbakken,743.1,0.0,12.0
772,10.349453,55.350307,Nils Erlings Allé,699.7,0.0,11.0
773,10.34953,55.369943,H.P. Simonsens Allé,440.7,0.0,7.0
774,10.350091,55.380921,Solskinshøjen,350.5,0.0,5.0
775,10.370917,55.379996,,0.0,0.0,0.0
776,10.350194,55.399614,,547.3,0.0,9.0
777,10.350003,55.409821,Tarupgårdsvej,609.8,0.0,10.0
778,10.351261,55.429741,Fyrrehøjen,875.5,0.0,14.0
779,10.34742,55.43864,,981.0,0.0,16.0
780,10.349428,55.461305,Allesøvej,1040.5,0.0,17.0
781,10.346758,55.479074,Bladstrupvej,1102.0,0.0,18.0
782,10.349931,55.489591,Lunde Bygade,1249.3,0.0,20.0
783,10.349758,55.511814,Nislevvej,1424.1,0.0,23.0
784,10.347055,55.520155,Hjadstrupvej,1397.9,0.0,23.0
785,10.34935,55.539312,,1626.2,0.0,27.0
786,10.347453,55.548964,,1703.7,0.0,28.0
787,10.350149,55.571503,Krogsbøllevej,1817.8,0.0,30.0
788,10.35094,55.582563,Stenøvej,2336.8,0.0,38.0
789,10.349307,55.601469,,2494.8,0.0,41.0
790,10.339943,55.612928,,2745.7,0.0,45.0
791,10.384501,54.837612,Søndre Kystvej,7390.4,2.0,3.0
792,10.379199,54.838672,Søndre Kystvej,7463.6,2.0,4.0
793,10.380789,54.859875,Oldemarksvej,7096.6,1.0,58.0
794,10.380085,54.884186,Øsemarksvej,7223.5,2.0,0.0
795,10.384326,54.886795,Øsemarksvej,7189.4,1.0,59.0
796,10.377933,54.975707,Drejø Skovvej,5538.8,1.0,32.0
797,10.383761,54.978474,Drejø Skovvej,5435.5,1.0,30.0
798,10.390234,55.054831,,3087.2,0.0,51.0
799,10.379965,55.060024,,3103.5,0.0,51.0
800,10.370917,55.379996,,0.0,0.0,0.0
801,10.380521,55.081146,Dyssevej,2708.3,0.0,45.0
802,10.382488,55.089954,Faurshøjvej,2739.2,0.0,45.0
803,10.381872,55.10996,Faurshøjvej,2510.5,0.0,41.0
804,10.383584,55.131968,Brændegårdsvej,2411.7,0.0,40.0
805,10.371208,55.137124,Brændegårdsvej,2268.9,0.0,37.0
806,10.383095,55.160748,,2292.1,0.0,38.0
807,10.378117,55.169788,,2199.1,0.0,36.0
808,10.380039,55.189386,Tingskovvej,2098.8,0.0,34.0
809,10.381153,55.198691,Holmevej,2039.6,0.0,33.0
810,10.380475,55.220147,Sallingevej,1591.0,0.0,26.0
811,10.379179,55.230151,Dalsmøllevej,1664.7,0.0,27.0
812,10.375937,55.250181,,1429.6,0.0,23.0
813,10.380196,55.269476,Mørkhøjvej,1292.8,0.0,21.0
814,10.380025,55.279987,Albanivej,1123.7,0.0,18.0
815,10.37944,55.299214,Lumbyholmvej,1062.8,0.0,17.0
816,10.37766,55.310727,,1007.4,0.0,16.0
817,10.379898,55.330354,Dahlsvej,723.6,0.0,12.0
818,10.381332,55.340466,Volderslevvej,783.1,0.0,13.0
819,10.380247,55.360131,Zachariasvej,429.4,0.0,7.0
820,10.380627,55.369454,Skovalléen,320.9,0.0,5.0
821,10.379628,55.389849,,342.8,0.0,5.0
822,10.3813,55.409809,Englandskaj,717.6,0.0,11.0
823,10.379789,55.420018,Norgekaj,766.7,0.0,12.0
824,10.381398,55.439539,Anderupvej,880.1,0.0,14.0
825,10.370917,55.379996,,0.0,0.0,0.0
826,10.379114,55.450087,,1115.6,0.0,18.0
827,10.380621,55.469786,,1095.6,0.0,18.0
828,10.383388,55.480216,Slettensvej,1049.4,0.0,17.0
829,10.382321,55.498804,,1243.4,0.0,20.0
830,10.379935,55.509934,Nislevvej,1355.2,0.0,22.0
831,10.378397,55.528692,,1762.7,0.0,29.0
832,10.379983,55.549966,,1898.3,0.0,31.0
833,10.379978,55.559901,,1776.2,0.0,29.0
834,10.381914,55.576851,,1982.3,0.0,33.0
835,10.381418,55.59069,Tørresøvej,2002.4,0.0,33.0
836,10.371526,55.601478,Veststranden,2364.7,0.0,39.0
837,10.411414,54.820327,Østersøvej,7374.5,2.0,2.0
838,10.397967,54.839388,Risemarksvej,7294.8,2.0,1.0
839,10.40001,54.850298,Kongeballevej,7105.0,1.0,58.0
840,10.399863,54.871696,Lammehusene,7152.6,1.0,59.0
841,10.401156,54.879626,Tivoli,7043.8,1.0,57.0
842,10.403236,54.897817,Vestre Strandvej,7104.3,1.0,58.0
843,10.41135,54.96723,Bækskildevej,4978.7,1.0,22.0
844,10.396856,54.975904,Drejø Skovvej,5247.3,1.0,27.0
845,10.401905,55.044478,Langemarken,3121.2,0.0,52.0
846,10.400326,55.060418,Lillemarken,2976.9,0.0,49.0
847,10.397892,55.072074,Rødkildevej,2917.9,0.0,48.0
848,10.400425,55.089645,Gundestrupvej,2736.0,0.0,45.0
849,10.395481,55.100833,Guldbjergvej,2886.1,0.0,48.0
850,10.370917,55.379996,,0.0,0.0,0.0
851,10.402421,55.119947,Pilegyden,2829.4,0.0,47.0
852,10.400598,55.128215,Pilegyden,2671.0,0.0,44.0
853,10.407742,55.149118,Grøftebjergvej,2410.2,0.0,40.0
854,10.403404,55.158907,Bøjdenvejen,2363.9,0.0,39.0
855,10.39999,55.179989,Lydinge Haver,2097.0,0.0,34.0
856,10.400242,55.199322,Holmevej,1903.0,0.0,31.0
857,10.400329,55.208849,,1741.1,0.0,29.0
858,10.397769,55.230591,Smedegyden,1634.3,0.0,27.0
859,10.400578,55.239905,Ruevejen,1599.5,0.0,26.0
860,10.400068,55.259765,Hedebovej,1413.3,0.0,23.0
861,10.400046,55.27004,Røjlevej,1241.5,0.0,20.0
862,10.400594,55.289069,Eskevej,1061.6,0.0,17.0
863,10.399935,55.300282,,976.8,0.0,16.0
864,10.400327,55.320216,Bramstrup,839.4,0.0,13.0
865,10.397452,55.340589,,759.7,0.0,12.0
866,10.399999,55.35,,738.8,0.0,12.0
867,10.40037,55.36998,,488.0,0.0,8.0
868,10.399842,55.380082,Ørnfeltvej,303.8,0.0,5.0
869,10.400567,55.400202,,554.7,0.0,9.0
870,10.400157,55.409969,Teisensvej,699.7,0.0,11.0
871,10.396443,55.431414,Nistedvej,1035.8,0.0,17.0
872,10.400192,55.439954,Hedelundvej,1006.8,0.0,16.0
873,10.399945,55.458362,Strandløkkevej,1005.1,0.0,16.0
874,10.407189,55.485654,Brale,1380.1,0.0,23.0
875,10.370917,55.379996,,0.0,0.0,0.0
876,10.396355,55.491059,Daugstrupvej,1367.4,0.0,22.0
877,10.40001,55.51,,1309.3,0.0,21.0
878,10.400032,55.519999,Nørregade,1429.6,0.0,23.0
879,10.402579,55.54014,,1778.9,0.0,29.0
880,10.392814,55.550796,Norupvej,1626.1,0.0,27.0
881,10.401757,55.571921,Havreballevej,1895.7,0.0,31.0
882,10.401314,55.581994,Tofteløkkevej,1965.5,0.0,32.0
883,10.395151,55.594778,Pilevej,2307.0,0.0,38.0
884,10.420991,54.817902,Østersøvej,7774.4,2.0,9.0
885,10.430194,54.828059,Eskevej,7120.5,1.0,58.0
886,10.429851,54.841005,Møllesøvej,6929.1,1.0,55.0
887,10.429792,54.859611,Grønnæsvej,7077.4,1.0,57.0
888,10.422042,54.871867,,7183.0,1.0,59.0
889,10.415162,54.890037,,7030.7,1.0,57.0
890,10.429893,54.969997,Horskærvejen,4855.2,1.0,20.0
891,10.428206,55.0499,Lindekildevej,2904.4,0.0,48.0
892,10.429797,55.059299,,2876.5,0.0,47.0
893,10.429642,55.080034,Fåborgvej,2711.8,0.0,45.0
894,10.427846,55.090306,Sterrebyvej,2710.8,0.0,45.0
895,10.430071,55.110038,Filippavej,2641.2,0.0,44.0
896,10.429918,55.130188,,2333.6,0.0,38.0
897,10.427442,55.139538,Hundstrupvej,2238.1,0.0,37.0
898,10.428187,55.15943,,2112.7,0.0,35.0
899,10.430804,55.172886,Krarup Nordegn,2334.6,0.0,38.0
900,10.370917,55.379996,,0.0,0.0,0.0
901,10.42994,55.189657,Fjellebrovej,1927.0,0.0,32.0
902,10.431474,55.199674,,2027.7,0.0,33.0
903,10.432194,55.217286,,1657.6,0.0,27.0
904,10.42917,55.230476,,1740.5,0.0,29.0
905,10.429252,55.249976,Nordskovvej,1405.7,0.0,23.0
906,10.430802,55.270622,,1293.2,0.0,21.0
907,10.428074,55.279602,Freltoftevej,1166.3,0.0,19.0
908,10.429975,55.300124,Lumbyvej,1097.9,0.0,18.0
909,10.429968,55.309994,Tokkerodvej,952.1,0.0,15.0
910,10.429761,55.330304,Højbyvej,943.8,0.0,15.0
911,10.429997,55.339997,,843.1,0.0,14.0
912,10.430111,55.358984,,758.0,0.0,12.0
913,10.431046,55.370047,,680.1,0.0,11.0
914,10.429947,55.390247,Havekolonien Christiansminde,725.8,0.0,12.0
915,10.429932,55.410113,Gillestedvej,763.5,0.0,12.0
916,10.430347,55.419479,Kertemindevej,825.9,0.0,13.0
917,10.425678,55.44028,Østre Kanalvej,1070.1,0.0,17.0
918,10.430074,55.450171,,2574.0,0.0,42.0
919,10.432462,55.471709,Grusgyden,1734.5,0.0,28.0
920,10.430336,55.480047,Grusgyden,1620.3,0.0,27.0
921,10.428584,55.500346,,1525.0,0.0,25.0
922,10.429941,55.50985,Skovgyden,1586.7,0.0,26.0
923,10.422355,55.53128,Strandvejen,1533.2,0.0,25.0
924,10.431486,55.552754,Hasmarkmosen,1752.3,0.0,29.0
925,10.370917,55.379996,,0.0,0.0,0.0
926,10.429248,55.559719,Lundemosen,1847.9,0.0,30.0
927,10.430057,55.580029,Strøget,2267.4,0.0,37.0
928,10.423069,55.585146,Kristiansmindevej,2125.5,0.0,35.0
929,10.430578,54.824122,Vejsnæs,7122.9,1.0,58.0
930,10.452073,54.837896,Drejet,6787.0,1.0,53.0
931,10.444014,54.849533,Gråsten Nor,7576.2,2.0,6.0
932,10.451501,54.863678,Ved Dæmningen,7459.9,2.0,4.0
933,10.432531,54.97313,Husmandsvej,4967.1,1.0,22.0
934,10.453019,55.041709,,3012.6,0.0,50.0
935,10.450046,55.059905,Søndre Longvej,2700.7,0.0,45.0
936,10.449381,55.070069,Vestervangen,2668.5,0.0,44.0
937,10.453353,55.089894,Longvej,2628.5,0.0,43.0
938,10.451442,55.09719,,2726.1,0.0,45.0
939,10.450086,55.118753,Hundstrupvej,2473.5,0.0,41.0
940,10.448775,55.126592,Hundstrupvej,2680.8,0.0,44.0
941,10.449998,55.149996,Tangevej,2123.6,0.0,35.0
942,10.448861,55.159876,,2067.3,0.0,34.0
943,10.458071,55.18061,Sundsgårdsvej,2022.1,0.0,33.0
944,10.447604,55.200485,Herringevej,1813.3,0.0,30.0
945,10.450846,55.206448,,1942.8,0.0,32.0
946,10.451546,55.227563,,1636.9,0.0,27.0
947,10.449411,55.239432,Gestelevvej,1474.8,0.0,24.0
948,10.452992,55.25619,,1723.0,0.0,28.0
949,10.451534,55.270237,Hovedvejen,1268.2,0.0,21.0
950,10.370917,55.379996,,0.0,0.0,0.0
951,10.450033,55.289998,Svendborgvej,1127.6,0.0,18.0
952,10.452455,55.299844,Svendborgvej,1193.6,0.0,19.0
953,10.449719,55.319366,Rindebækvej,982.1,0.0,16.0
954,10.449976,55.340288,Knullen,860.2,0.0,14.0
955,10.449728,55.350258,Hvilehøjvej,915.4,0.0,15.0
956,10.449605,55.369757,Ørbækvej,650.9,0.0,10.0
957,10.449675,55.380104,,762.2,0.0,12.0
958,10.449898,55.399834,Åsumvej,776.5,0.0,12.0
959,10.4475,55.40976,Bådvej,885.4,0.0,14.0
960,10.448748,55.429855,Østbirkvej,1129.6,0.0,18.0
961,10.449775,55.440054,Muslingevej,1230.2,0.0,20.0
962,10.429668,55.455957,,1377.1,0.0,22.0
963,10.450052,55.479915,,1767.0,0.0,29.0
964,10.454266,55.489421,Klingeskov,1671.7,0.0,27.0
965,10.449865,55.509885,,1703.6,0.0,28.0
966,10.451257,55.516544,,1833.0,0.0,30.0
967,10.451511,55.541363,,1840.7,0.0,30.0
968,10.448171,55.550259,Bomosen,1743.3,0.0,29.0
969,10.449019,55.569372,Kystvejen,2251.7,0.0,37.0
970,10.469788,54.84127,Drejet,6717.1,1.0,51.0
971,10.469703,54.860038,Færgevej,6814.2,1.0,53.0
972,10.472358,54.881444,Vesterskovsvej,6953.5,1.0,55.0
973,10.483146,55.038069,Strandvej,2798.7,0.0,46.0
974,10.468522,55.049687,Strandvej,2698.8,0.0,44.0
975,10.370917,55.379996,,0.0,0.0,0.0
976,10.466543,55.060654,,2672.5,0.0,44.0
977,10.466804,55.079834,Stågerupvej,2515.7,0.0,41.0
978,10.468855,55.090191,Stågerupvej,2445.1,0.0,40.0
979,10.475453,55.103285,Rødmevej,2322.5,0.0,38.0
980,10.469849,55.130076,Hundstrupvej,2245.9,0.0,37.0
981,10.470009,55.139613,,2467.7,0.0,41.0
982,10.469276,55.159627,,1952.1,0.0,32.0
983,10.46832,55.169938,Sundsgårdsvej,1884.4,0.0,31.0
984,10.47188,55.190249,Bjertevej,2147.2,0.0,35.0
985,10.470042,55.199591,Rudmevej,1847.0,0.0,30.0
986,10.467539,55.220502,Boltinggårdvej,1539.3,0.0,25.0
987,10.469923,55.229981,,1569.6,0.0,26.0
988,10.469997,55.249982,Rynkeby Huse,1403.4,0.0,23.0
989,10.468112,55.269711,,1399.9,0.0,23.0
990,10.466762,55.280838,,1315.0,0.0,21.0
991,10.470418,55.299769,Gammel Byvej,1237.8,0.0,20.0
992,10.471699,55.307977,Ibjergvej,1120.5,0.0,18.0
993,10.471151,55.330013,Gammellungvej,1167.4,0.0,19.0
994,10.470035,55.339825,Allerup Bygade,985.0,0.0,16.0
995,10.469441,55.359651,Lindegaards Allé,941.4,0.0,15.0
996,10.470154,55.369894,Væbnerhatten,858.6,0.0,14.0
997,10.46959,55.390047,,673.3,0.0,11.0
998,10.471678,55.410175,Østre Ringvej,806.8,0.0,13.0
999,10.470007,55.420048,Persillehaven,935.1,0.0,15.0
1000,10.370917,55.379996,,0.0,0.0,0.0
1001,10.468973,55.437658,Engløkken,1160.8,0.0,19.0
1002,10.454165,55.478756,,1696.1,0.0,28.0
1003,10.473417,55.488616,,1943.2,0.0,32.0
1004,10.476194,55.500865,Ølundgyden,1943.3,0.0,32.0
1005,10.467721,55.510686,Ølundgyden,1959.4,0.0,32.0
1006,10.470139,55.528206,Hofmansgavevej,2028.5,0.0,33.0
1007,10.468532,55.550481,Østerballevej,1887.5,0.0,31.0
1008,10.469707,55.559624,Østre Strandvej,2039.5,0.0,33.0
1009,10.505914,54.844278,Nederste Midtmarksvej,6864.3,1.0,54.0
1010,10.499991,54.850062,,6610.6,1.0,50.0
1011,10.497989,54.868611,,6643.5,1.0,50.0
1012,10.492227,54.874971,Strandbyvejen,6810.8,1.0,53.0
1013,10.508394,55.02732,Lehnskov Strand,2757.2,0.0,45.0
1014,10.498837,55.038822,,2854.5,0.0,47.0
1015,10.4989,55.06,Sømarksvej,2440.7,0.0,40.0
1016,10.499574,55.070087,Østre Stationsvej,2326.3,0.0,38.0
1017,10.500181,55.091211,Solbjergvej,2410.0,0.0,40.0
1018,10.500415,55.099487,Tørvelong,2436.0,0.0,40.0
1019,10.500142,55.119812,,2234.0,0.0,37.0
1020,10.499987,55.129975,,2136.9,0.0,35.0
1021,10.501653,55.149757,,2274.1,0.0,37.0
1022,10.506094,55.160589,,1986.5,0.0,33.0
1023,10.497914,55.179969,Holmegyden,1837.8,0.0,30.0
1024,10.498391,55.197787,,1769.0,0.0,29.0
1025,10.370917,55.379996,,0.0,0.0,0.0
1026,10.499122,55.210658,Hedevej,1660.7,0.0,27.0
1027,10.496316,55.229298,Svendborgmotorvejen,1277.5,0.0,21.0
1028,10.499935,55.240044,Ørbækvej,1299.5,0.0,21.0
1029,10.500062,55.260674,,1620.2,0.0,27.0
1030,10.497686,55.269358,Sødingevej,1444.7,0.0,24.0
1031,10.50057,55.290181,Hestehavevej,1849.3,0.0,30.0
1032,10.50003,55.299847,,1555.5,0.0,25.0
1033,10.501573,55.317543,,1278.8,0.0,21.0
1034,10.500038,55.340101,,1044.3,0.0,17.0
1035,10.498765,55.351578,,1118.9,0.0,18.0
1036,10.499562,55.369811,,971.8,0.0,16.0
1037,10.500176,55.379403,,925.9,0.0,15.0
1038,10.496082,55.399728,,1006.4,0.0,16.0
1039,10.501978,55.411966,,1103.3,0.0,18.0
1040,10.502382,55.428514,,1220.4,0.0,20.0
1041,10.502198,55.440819,Fredemarksvej,1166.4,0.0,19.0
1042,10.499837,55.460125,,1502.1,0.0,25.0
1043,10.485926,55.48579,Gersøvej,1989.0,0.0,33.0
1044,10.488081,55.48903,Gersøvej,2042.7,0.0,34.0
1045,10.493813,55.504872,,2071.0,0.0,34.0
1046,10.483854,55.518603,Bogøvej,2013.5,0.0,33.0
1047,10.498881,55.548706,Halshusene,2241.6,0.0,37.0
1048,10.49849,55.548874,Halshusene,2225.8,0.0,37.0
1049,10.520482,54.843943,Østersøvej,6537.5,1.0,48.0
1050,10.370917,55.379996,,0.0,0.0,0.0
1051,10.518755,54.859598,Strandvejen,6398.7,1.0,46.0
1052,10.534616,54.974669,Skaregårdsvej,3225.2,0.0,53.0
1053,10.530765,54.991092,Søren Lolks Vej,2827.1,0.0,47.0
1054,10.519119,54.999676,Vornæs Skovvej,2820.6,0.0,47.0
1055,10.517968,55.02693,Lehnskov Strand,2675.2,0.0,44.0
1056,10.523041,55.030029,Lehnskov Strand,2600.2,0.0,43.0
1057,10.518862,55.051468,Bjergvej,2438.0,0.0,40.0
1058,10.520267,55.059695,,2426.9,0.0,40.0
1059,10.520027,55.079239,Nielstrupvej,2348.2,0.0,39.0
1060,10.515266,55.09026,Skovmarksvej,2411.5,0.0,40.0
1061,10.516013,55.110123,Hedevej,2299.7,0.0,38.0
1062,10.521266,55.132192,,2062.5,0.0,34.0
1063,10.522311,55.140399,Sognevej,2168.8,0.0,36.0
1064,10.51884,55.155477,,2156.6,0.0,35.0
1065,10.518153,55.171871,,1947.4,0.0,32.0
1066,10.520019,55.18992,Odensevej,1587.2,0.0,26.0
1067,10.519573,55.199738,Gultvedholm,1684.8,0.0,28.0
1068,10.521937,55.219898,Krumstrupvej,1610.5,0.0,26.0
1069,10.521947,55.23054,Lørupvej,1599.9,0.0,26.0
1070,10.519467,55.250053,Blaakærvej,1475.4,0.0,24.0
1071,10.521511,55.270255,,1659.9,0.0,27.0
1072,10.516728,55.279491,Klaus Berntsens Vej,1465.9,0.0,24.0
1073,10.518064,55.300048,Torpelundsvej,1711.5,0.0,28.0
1074,10.521586,55.31116,,1442.3,0.0,24.0
1075,10.370917,55.379996,,0.0,0.0,0.0
1076,10.52155,55.332208,,1194.9,0.0,19.0
1077,10.520105,55.340249,Tingkærvej,1083.8,0.0,18.0
1078,10.519143,55.357558,Birkum Mosevej,1449.5,0.0,24.0
1079,10.522057,55.368142,Kærbygårdevej,1088.1,0.0,18.0
1080,10.520054,55.390022,Alléparken,948.7,0.0,15.0
1081,10.516996,55.411653,,1122.5,0.0,18.0
1082,10.520118,55.420183,Radbyvej,1171.5,0.0,19.0
1083,10.518208,55.440582,,1200.0,0.0,20.0
1084,10.521359,55.450283,,1378.9,0.0,22.0
1085,10.516293,55.46611,,1736.1,0.0,28.0
1086,10.498881,55.548706,Halshusene,2241.6,0.0,37.0
1087,10.548648,54.953631,Monnetvej,3120.3,0.0,52.0
1088,10.543188,54.965855,Skovballevej,2985.1,0.0,49.0
1089,10.539742,54.979044,Knasterhovvej,2936.1,0.0,48.0
1090,10.537109,54.989855,Udflyttervej,3121.6,0.0,52.0
1091,10.539041,55.008114,,2763.7,0.0,46.0
1092,10.548929,55.017567,Bækkehavevej,2885.7,0.0,48.0
1093,10.540621,55.039783,,2597.8,0.0,43.0
1094,10.539984,55.06012,Hellegårdsvej,2306.7,0.0,38.0
1095,10.539376,55.070697,Hvidkildevej,2140.5,0.0,35.0
1096,10.534341,55.087938,Løvehavevej,2341.2,0.0,39.0
1097,10.545771,55.100502,Dyrehavegårdsvej,2601.9,0.0,43.0
1098,10.53824,55.121834,Nørregårdsvej,2007.7,0.0,33.0
1099,10.538297,55.131483,Lundevej,2123.4,0.0,35.0
1100,10.370917,55.379996,,0.0,0.0,0.0
1101,10.539357,55.150338,Bobjergvej,1788.4,0.0,29.0
1102,10.540022,55.159959,,1723.3,0.0,28.0
1103,10.536366,55.179095,Svendborgmotorvejen,1497.5,0.0,24.0
1104,10.539946,55.199497,Faaborgvej,1694.4,0.0,28.0
1105,10.5396,55.210412,,1778.8,0.0,29.0
1106,10.539994,55.23001,,1751.6,0.0,29.0
1107,10.539381,55.23997,,1592.7,0.0,26.0
1108,10.536655,55.260858,,1865.9,0.0,31.0
1109,10.540393,55.273247,Stubbendrupvej,1724.0,0.0,28.0
1110,10.540044,55.290003,Tarupvej,1574.6,0.0,26.0
1111,10.539988,55.300126,Tarupvej,1976.4,0.0,32.0
1112,10.540631,55.317763,Hudevad Byvej,1453.9,0.0,24.0
1113,10.542152,55.340322,Sanderumgårdvej,1261.5,0.0,21.0
1114,10.540322,55.347758,Sanderumgårdvej,1473.0,0.0,24.0
1115,10.544215,55.371671,Vejrupskovvej,1217.0,0.0,20.0
1116,10.539284,55.380145,,1012.7,0.0,16.0
1117,10.535822,55.397877,Kertemindevejen,1119.0,0.0,18.0
1118,10.541698,55.409675,,1169.4,0.0,19.0
1119,10.539368,55.430055,Kølstrupvej,1306.7,0.0,21.0
1120,10.54,55.440102,Drejet,1473.4,0.0,24.0
1121,10.540537,55.458641,,1436.7,0.0,23.0
1122,10.546802,55.473329,Lindø Nordvej,1563.5,0.0,26.0
1123,10.559519,54.953365,Søby Strandvej,3130.0,0.0,52.0
1124,10.570141,54.969854,Hellufvej,2863.4,0.0,47.0
1125,10.370917,55.379996,,0.0,0.0,0.0
1126,10.564733,54.987343,Stennervej,2865.3,0.0,47.0
1127,10.571635,54.999868,Sønder Vornæsvej,2690.8,0.0,44.0
1128,10.569817,55.019895,Bukkehavevej,2502.3,0.0,41.0
1129,10.575319,55.028982,Horsevænget,2543.7,0.0,42.0
1130,10.5716,55.052066,Skovsbovej,2236.0,0.0,37.0
1131,10.570113,55.059187,Johannes Jørgensens Vej,2383.8,0.0,39.0
1132,10.569716,55.080289,Sørupvej,2234.8,0.0,37.0
1133,10.570307,55.090046,Odensevej,1941.2,0.0,32.0
1134,10.569003,55.109746,Slæbæk Skov,1967.7,0.0,32.0
1135,10.570318,55.129178,Højbjergvej,1981.3,0.0,33.0
1136,10.571858,55.138456,,2141.9,0.0,35.0
1137,10.571285,55.163061,Kværndrup Vænge,1890.8,0.0,31.0
1138,10.569347,55.170018,Dyrebjergvej,1866.8,0.0,31.0
1139,10.568847,55.189343,,1748.6,0.0,29.0
1140,10.571192,55.199955,Kohavevej,1819.5,0.0,30.0
1141,10.569721,55.223468,,1790.0,0.0,29.0
1142,10.569456,55.230136,,1715.7,0.0,28.0
1143,10.566969,55.252647,Ravnholtvej,1697.4,0.0,28.0
1144,10.57269,55.269882,Skyttealleen,1836.6,0.0,30.0
1145,10.570369,55.279952,Skyttealleen,1724.1,0.0,28.0
1146,10.57026,55.300074,Sønder Højrupvejen,1632.2,0.0,27.0
1147,10.568972,55.308616,Lodskovvej,1425.7,0.0,23.0
1148,10.570195,55.331177,Nyhavevej,1415.9,0.0,23.0
1149,10.570057,55.340038,Davinde Skovvej,1399.4,0.0,23.0
1150,10.370917,55.379996,,0.0,0.0,0.0
1151,10.569857,55.359916,Håndværkervej,1078.6,0.0,17.0
1152,10.569738,55.370256,Gartnervænget,1049.7,0.0,17.0
1153,10.57073,55.390584,Birketvedvejen,1101.4,0.0,18.0
1154,10.568558,55.41197,Hundslevgyden,1577.4,0.0,26.0
1155,10.571594,55.419132,,1347.3,0.0,22.0
1156,10.579807,55.444897,Tværgyden,1737.1,0.0,28.0
1157,10.578914,55.449607,Tværgyden,1920.5,0.0,32.0
1158,10.569409,55.470025,,1667.7,0.0,27.0
1159,10.568389,55.474931,Boels Bro,1789.6,0.0,29.0
1160,10.572532,55.516151,Gabet,2552.7,0.0,42.0
1161,10.574899,55.527571,,2556.0,0.0,42.0
1162,10.595339,54.904198,,5986.0,1.0,39.0
1163,10.594079,54.912536,Korsvejen,6180.1,1.0,43.0
1164,10.589372,54.95502,,3077.1,0.0,51.0
1165,10.589968,54.95985,Bylavsvej,2961.8,0.0,49.0
1166,10.582759,54.97962,,2761.2,0.0,46.0
1167,10.588273,54.990723,Skovballevej,2552.8,0.0,42.0
1168,10.591032,55.011061,,2506.8,0.0,41.0
1169,10.589769,55.020608,,2423.0,0.0,40.0
1170,10.593785,55.037367,,2496.4,0.0,41.0
1171,10.590158,55.059988,,2009.3,0.0,33.0
1172,10.587863,55.069455,,2042.5,0.0,34.0
1173,10.589974,55.090897,Heldagervej,2049.4,0.0,34.0
1174,10.590162,55.099956,Heldagergårdsvej,2174.6,0.0,36.0
1175,10.370917,55.379996,,0.0,0.0,0.0
1176,10.586068,55.118232,,2126.2,0.0,35.0
1177,10.588431,55.127614,Højbjergvej,2057.8,0.0,34.0
1178,10.595139,55.152945,,2445.6,0.0,40.0
1179,10.592328,55.157703,Grøftehavevej,2065.8,0.0,34.0
1180,10.589935,55.179956,Trunderup Dongsvej,1812.8,0.0,30.0
1181,10.591765,55.201578,,2058.9,0.0,34.0
1182,10.591566,55.21046,Bystævnevej,1814.9,0.0,30.0
1183,10.587994,55.230548,,1840.1,0.0,30.0
1184,10.58808,55.23991,Assensvej,1852.3,0.0,30.0
1185,10.584136,55.261711,,1973.1,0.0,32.0
1186,10.593459,55.265679,Ravnholtvej,1904.1,0.0,31.0
1187,10.586949,55.283546,Hellerupvej,1760.9,0.0,29.0
1188,10.594571,55.302183,Ørbækvej,1478.6,0.0,24.0
1189,10.590015,55.319746,Tvevadgyden,1379.1,0.0,22.0
1190,10.590452,55.339913,,1358.7,0.0,22.0
1191,10.589948,55.349689,,1022.2,0.0,17.0
1192,10.58992,55.369956,Hvileholmsvej,1197.6,0.0,19.0
1193,10.591633,55.379774,Sandbankevej,1593.7,0.0,26.0
1194,10.590272,55.399911,,1533.6,0.0,25.0
1195,10.59317,55.40943,Nymarken,1251.9,0.0,20.0
1196,10.589234,55.42853,Degneløkkevej,1499.8,0.0,24.0
1197,10.588985,55.44003,Lange Gyde,1571.2,0.0,26.0
1198,10.589961,55.461831,,1525.9,0.0,25.0
1199,10.595657,55.481878,Stejlestræde,1768.1,0.0,29.0
1200,10.370917,55.379996,,0.0,0.0,0.0
1201,10.592017,55.513547,,2275.7,0.0,37.0
1202,10.589703,55.519394,Søndre Skovgyde,2297.4,0.0,38.0
1203,10.595111,55.530472,Nordre Skovvænge,2451.5,0.0,40.0
1204,10.610171,54.831682,,4628.1,1.0,17.0
1205,10.610132,54.894356,Pletkærvej,5994.9,1.0,39.0
1206,10.609344,54.910032,Nørrevej,5990.6,1.0,39.0
1207,10.605585,54.917669,Nørrevej,6113.9,1.0,41.0
1208,10.612047,54.951717,Stjoul Fiskervej,3325.3,0.0,55.0
1209,10.610086,54.969751,Bjerrebyvej,2749.4,0.0,45.0
1210,10.608734,54.990091,,2577.1,0.0,42.0
1211,10.608403,54.999672,Sundbrovej,2425.8,0.0,40.0
1212,10.609764,55.019992,Vievænget,2328.7,0.0,38.0
1213,10.610855,55.029776,Sundbrovej,2225.7,0.0,37.0
1214,10.614127,55.048983,,2311.8,0.0,38.0
1215,10.609871,55.059733,Torvet,2195.6,0.0,36.0
1216,10.610651,55.080487,,2234.6,0.0,37.0
1217,10.609798,55.08963,Heldagervej,2149.9,0.0,35.0
1218,10.60918,55.110049,Brændeskovvej,2578.0,0.0,42.0
1219,10.609796,55.130318,Højbjergvej,2164.5,0.0,36.0
1220,10.609172,55.139416,,2311.9,0.0,38.0
1221,10.606433,55.162793,Grøftehavevej,2129.0,0.0,35.0
1222,10.609652,55.170724,Mullerupvej,1972.9,0.0,32.0
1223,10.606643,55.193738,Råstruphave,2004.5,0.0,33.0
1224,10.606264,55.200476,Råstrupvej,2115.0,0.0,35.0
1225,10.370917,55.379996,,0.0,0.0,0.0
1226,10.609762,55.219942,Ørbækvej,1879.8,0.0,31.0
1227,10.611652,55.229332,Lykkesholmsvej,1959.6,0.0,32.0
1228,10.609968,55.250117,Ellestedvej,1866.2,0.0,31.0
1229,10.607547,55.269068,,1867.4,0.0,31.0
1230,10.610825,55.279962,,1682.9,0.0,28.0
1231,10.609116,55.3009,Tivekrogen,1584.6,0.0,26.0
1232,10.609006,55.311553,Ferritslevvej,1543.4,0.0,25.0
1233,10.614423,55.330627,Ellingevej,1429.1,0.0,23.0
1234,10.607524,55.33961,Åvej,1371.7,0.0,22.0
1235,10.610865,55.361499,,1257.7,0.0,20.0
1236,10.609144,55.371472,Langeskovvej,1438.4,0.0,23.0
1237,10.609998,55.389056,,1368.0,0.0,22.0
1238,10.608085,55.410104,,1432.2,0.0,23.0
1239,10.610683,55.419247,,1371.7,0.0,22.0
1240,10.610551,55.440051,Vikingevej,1670.0,0.0,27.0
1241,10.605402,55.447906,Tværgyden,1698.2,0.0,28.0
1242,10.610003,55.470148,Lykkedamsvej,1667.9,0.0,27.0
1243,10.610017,55.478081,Fynshovedvej,1613.5,0.0,26.0
1244,10.624766,55.495731,Vestermaegyden,2092.1,0.0,34.0
1245,10.610964,55.510376,,2141.7,0.0,35.0
1246,10.618884,55.531633,Munkekrogen,2300.8,0.0,38.0
1247,10.6178,55.551867,Hedelyngen,2511.1,0.0,41.0
1248,10.60024,55.58375,Langøvej,3265.9,0.0,54.0
1249,10.609923,55.609152,Jøvet,2854.9,0.0,47.0
1250,10.370917,55.379996,,0.0,0.0,0.0
1251,10.645622,54.81129,Piledybet,4466.8,1.0,14.0
1252,10.64026,54.81984,,4330.4,1.0,12.0
1253,10.637037,54.833304,Ristingevej,4537.7,1.0,15.0
1254,10.629835,54.903449,Strynø Brovej,5754.1,1.0,35.0
1255,10.626586,54.960403,,3315.8,0.0,55.0
1256,10.640103,54.980374,Vemmenæsvej,2609.6,0.0,43.0
1257,10.637201,54.997929,Tørvemosevej,2672.5,0.0,44.0
1258,10.62925,55.013423,Nørreskovvej,2475.9,0.0,41.0
1259,10.639798,55.020002,Jydevej,2524.0,0.0,42.0
1260,10.638749,55.040288,Pilekrogen,2406.5,0.0,40.0
1261,10.639785,55.059811,,2543.2,0.0,42.0
1262,10.639956,55.06978,,2371.8,0.0,39.0
1263,10.639954,55.090174,Holmdrupvej,2291.0,0.0,38.0
1264,10.63791,55.100625,Ørbækvej,2474.7,0.0,41.0
1265,10.640097,55.120194,,2399.9,0.0,39.0
1266,10.639769,55.129702,Langholmsvej,2483.9,0.0,41.0
1267,10.637258,55.150539,,2584.7,0.0,43.0
1268,10.645966,55.163443,Mullerupvej,2130.4,0.0,35.0
1269,10.639376,55.180778,Sejetvej,2404.4,0.0,40.0
1270,10.635653,55.1995,Dongsvej,2175.5,0.0,36.0
1271,10.638252,55.214062,Lamdrupvej,2066.0,0.0,34.0
1272,10.639478,55.229944,Ørbækvej,2019.8,0.0,33.0
1273,10.633869,55.244913,Magelundvej,2044.9,0.0,34.0
1274,10.640729,55.260884,Assensvej,2391.5,0.0,39.0
1275,10.370917,55.379996,,0.0,0.0,0.0
1276,10.640295,55.269309,Ringholmvej,1832.8,0.0,30.0
1277,10.642351,55.288918,,1856.0,0.0,30.0
1278,10.639782,55.301664,Ellingevej,1786.2,0.0,29.0
1279,10.640814,55.319941,,1831.5,0.0,30.0
1280,10.640899,55.339857,Rødkærsgyden,1505.1,0.0,25.0
1281,10.639103,55.350367,,1636.6,0.0,27.0
1282,10.641426,55.370623,Bremerskovvej,1403.7,0.0,23.0
1283,10.642479,55.380543,Bøgeskovvej,1502.8,0.0,25.0
1284,10.640407,55.399755999,Haveskovvej,1723.7,0.0,28.0
1285,10.636604,55.410936,Rynkebyvej,1584.9,0.0,26.0
1286,10.639297,55.429278,Vandværksvej,1711.4,0.0,28.0
1287,10.638435,55.438783,,1547.9,0.0,25.0
1288,10.638915,55.458936,Damgårds Alle,1742.9,0.0,29.0
1289,10.639859,55.479976,Lille Salbyvej,1834.9,0.0,30.0
1290,10.64015,55.489564,,1925.4,0.0,32.0
1291,10.63612,55.507019,,2045.1,0.0,34.0
1292,10.638283,55.519378,Bogensøvej,2052.3,0.0,34.0
1293,10.641489,55.54033,Egensøvej,2227.9,0.0,37.0
1294,10.638817,55.54809,Langøvej,2341.4,0.0,39.0
1295,10.640478,55.569387999,,2583.4,0.0,43.0
1296,10.640703,55.580367,Fynshovedvej,2534.2,0.0,42.0
1297,10.629111,55.597855,,2788.1,0.0,46.0
1298,10.671158,54.740488,Harresvej,4801.5,1.0,20.0
1299,10.668132,54.749719,,4707.1,1.0,18.0
1300,10.370917,55.379996,,0.0,0.0,0.0
1301,10.672408,54.77041,Vestervej,4686.1,1.0,18.0
1302,10.66324,54.781014,,4727.4,1.0,18.0
1303,10.656284,54.802572,Østersøvej,4304.5,1.0,11.0
1304,10.659981,54.809817,Vibevænget,4296.7,1.0,11.0
1305,10.658394,54.827261,Renevejen,4198.2,1.0,9.0
1306,10.662388,54.839652,Møllevænget,4163.0,1.0,9.0
1307,10.671056,54.854824,Brogårdsvej,4177.3,1.0,9.0
1308,10.677058,54.879569,Langøvej,4253.3,1.0,10.0
1309,10.654257,54.966421,Sundbrovej,2674.0,0.0,44.0
1310,10.670806,54.990509,Storkenæbsvej,3021.5,0.0,50.0
1311,10.654398,55.021558,,2598.3,0.0,43.0
1312,10.656002,55.030341,Lodsvej,2496.5,0.0,41.0
1313,10.659649,55.050016,Bøgeløkken,2579.4,0.0,42.0
1314,10.659912,55.060766,Skårupøre Strandvej,2448.2,0.0,40.0
1315,10.660633,55.078805,Nyborgvej,2278.5,0.0,37.0
1316,10.660985,55.089704,,2436.4,0.0,40.0
1317,10.661201,55.110206,Lundevej,2627.8,0.0,43.0
1318,10.65922,55.131241,,2586.6,0.0,43.0
1319,10.657167,55.14014,Lakkendrupvej,2407.4,0.0,40.0
1320,10.662499,55.160834,,2401.7,0.0,40.0
1321,10.661092,55.169794,Ellerup Bygade,2261.9,0.0,37.0
1322,10.655327,55.188355,Brænderupvej,2369.7,0.0,39.0
1323,10.659345,55.204364,Frederiksens Alle,2523.4,0.0,42.0
1324,10.660524,55.219235,Lamdrupvej,2171.2,0.0,36.0
1325,10.370917,55.379996,,0.0,0.0,0.0
1326,10.662609,55.230773,Bredemistevej,2274.6,0.0,37.0
1327,10.664046,55.248509,,2012.1,0.0,33.0
1328,10.660068,55.269908,Risinggårdsvej,1867.9,0.0,31.0
1329,10.660234,55.279909,,2051.2,0.0,34.0
1330,10.659234,55.301073,Hedegårdsvej,1845.8,0.0,30.0
1331,10.661426,55.31013,Stenhavevej,1720.5,0.0,28.0
1332,10.659477,55.329054,Såderupvej,1690.6,0.0,28.0
1333,10.658864,55.339972,Skellerup Byvej,1568.8,0.0,26.0
1334,10.662147,55.359184,Skovvej,1609.6,0.0,26.0
1335,10.659398,55.370032,Tangevej,1472.3,0.0,24.0
1336,10.660682,55.390757,,1615.8,0.0,26.0
1337,10.660567,55.41003,Kertemindevej,1726.8,0.0,28.0
1338,10.659695,55.420048,Sibiriensvej,1728.5,0.0,28.0
1339,10.656037,55.440289,Revningevej,1615.3,0.0,26.0
1340,10.660008,55.449999,,1720.3,0.0,28.0
1341,10.6602,55.469977,,2047.2,0.0,34.0
1342,10.66186,55.479795,,1964.8,0.0,32.0
1343,10.658349,55.502576,Tavlundsvej,1938.1,0.0,32.0
1344,10.658974,55.510947,Mosegårdsvænget,2131.1,0.0,35.0
1345,10.653042,55.528819,,2112.4,0.0,35.0
1346,10.656691,55.549472,Fynshovedvej,2311.8,0.0,38.0
1347,10.664294,55.558084,Snavevej,2445.4,0.0,40.0
1348,10.643586,55.582264,,2664.2,0.0,44.0
1349,10.643586,55.582264,,2664.2,0.0,44.0
1350,10.370917,55.379996,,0.0,0.0,0.0
1351,10.682107,54.735584,,4818.1,1.0,20.0
1352,10.680262,54.740027,Søgårdsvej,4787.3,1.0,19.0
1353,10.680757,54.761675,Vestervej,4720.1,1.0,18.0
1354,10.679601,54.769467,Norvej,4897.7,1.0,21.0
1355,10.677658,54.791629,,4383.1,1.0,13.0
1356,10.679371,54.813284,,4240.4,1.0,10.0
1357,10.680361,54.819934,Ristingevej,4039.9,1.0,7.0
1358,10.679267,54.839809,Helsnedvej,4030.7,1.0,7.0
1359,10.679865,54.850398,Kædeby Has,4042.2,1.0,7.0
1360,10.677032,54.869627,Langøvej,4114.1,1.0,8.0
1361,10.680323,54.880028,Langøvej,4313.8,1.0,11.0
1362,10.691114,54.91188,,3697.5,1.0,1.0
1363,10.691114,54.91188,,3697.5,1.0,1.0
1364,10.691202,54.926297,,3761.7,1.0,2.0
1365,10.679604,54.979953,Gravvængevej,2847.7,0.0,47.0
1366,10.681393,54.989989,Stenoddenvej,2889.1,0.0,48.0
1367,10.677837,55.029889,,3163.1,0.0,52.0
1368,10.679384,55.042107,Søndervej,2898.5,0.0,48.0
1369,10.679883,55.05998,Skårupøre Strandvej,2600.5,0.0,43.0
1370,10.680707,55.069003,Skovmøllevej,2718.3,0.0,45.0
1371,10.683382,55.089111,Vestergårds Allé,2557.9,0.0,42.0
1372,10.677252,55.096895,Nørremarken,2503.8,0.0,41.0
1373,10.679791,55.1192,,2633.8,0.0,43.0
1374,10.682016,55.130173,Kilenvej,2592.1,0.0,43.0
1375,10.370917,55.379996,,0.0,0.0,0.0
1376,10.675096,55.150211,,2391.5,0.0,39.0
1377,10.680071,55.159165,Humlebjergvej,2371.8,0.0,39.0
1378,10.680893,55.179896,Ultoftevej,2448.4,0.0,40.0
1379,10.676433,55.200741,Svendborgvej,2365.8,0.0,39.0
1380,10.681758,55.209873,,2323.3,0.0,38.0
1381,10.681278,55.229516,Svendborgvej,2236.1,0.0,37.0
1382,10.679441,55.239936,Svendborgvej,2078.4,0.0,34.0
1383,10.677025,55.260314,Engvej,1958.5,0.0,32.0
1384,10.679124,55.270347,Egemosevej,2068.4,0.0,34.0
1385,10.67981,55.289957,,1884.5,0.0,31.0
1386,10.683352,55.298368,Juulskovvej,1884.7,0.0,31.0
1387,10.680127,55.320129,,1849.4,0.0,30.0
1388,10.677521,55.338933,Balsgyden,1779.2,0.0,29.0
1389,10.682289,55.349199,Gedsbergvej,1682.0,0.0,28.0
1390,10.683222,55.373322,Søgyden,1814.1,0.0,30.0
1391,10.678423,55.381635,,1647.4,0.0,27.0
1392,10.68208,55.399142,Mullerupvej,1790.8,0.0,29.0
1393,10.678965,55.406258,Lundevej,1912.4,0.0,31.0
1394,10.689476,55.434099,Klintevej,1795.5,0.0,29.0
1395,10.680289,55.44023,Klintevej,1748.8,0.0,29.0
1396,10.672891,55.463991,,1926.7,0.0,32.0
1397,10.678767,55.475175,,2250.1,0.0,37.0
1398,10.677555,55.4901,Rødsbækvej,2244.6,0.0,37.0
1399,10.676973,55.50923,Stendyssevej,2206.8,0.0,36.0
1400,10.370917,55.379996,,0.0,0.0,0.0
1401,10.67926,55.519511,Hersnap Bygade,2205.9,0.0,36.0
1402,10.679899,55.54006,Bøgebjergvej,2330.3,0.0,38.0
1403,10.672863,55.549988,,2505.5,0.0,41.0
1404,10.668889,55.564924,,2558.5,0.0,42.0
1405,10.694258,54.722529,,4917.0,1.0,21.0
1406,10.712442,54.739747,Rathvej,4736.0,1.0,18.0
1407,10.710046,54.74992,,4587.3,1.0,16.0
1408,10.713588,54.772162,,4343.3,1.0,12.0
1409,10.707715,54.779933,Søndergade,4334.1,1.0,12.0
1410,10.707505,54.799475,Tryggelev,4112.7,1.0,8.0
1411,10.713315,54.810084,Ourevej,4199.5,1.0,9.0
1412,10.706626,54.831913,Hallinggade,3904.7,1.0,5.0
1413,10.708993,54.840459,,3804.9,1.0,3.0
1414,10.711343,54.859965,Haugbøllevej,3994.2,1.0,6.0
1415,10.712231,54.875547,Bogøvej,3896.3,1.0,4.0
1416,10.714568,54.891036,Klæsøvej,3623.8,1.0,0.0
1417,10.706826,54.910297,Faarevejle Alle,3561.1,0.0,59.0
1418,10.710465,54.919922,Faarevejle Alle,3305.2,0.0,55.0
1419,10.709514,54.939861,,3160.6,0.0,52.0
1420,10.708012,54.947697,Brovejen,2885.8,0.0,48.0
1421,10.698581,55.034007,Valborgs Kasse,3009.2,0.0,50.0
1422,10.708803,55.050536,Øgavl,2970.8,0.0,49.0
1423,10.709651,55.060261,,2723.0,0.0,45.0
1424,10.710869,55.080831,Åbyskovvej,2902.7,0.0,48.0
1425,10.370917,55.379996,,0.0,0.0,0.0
1426,10.709344,55.091177,Åbyskovvej,2791.1,0.0,46.0
1427,10.709755,55.109909,Teglvej,2687.6,0.0,44.0
1428,10.709137,55.129973,Gudme Kohavevej,2700.1,0.0,45.0
1429,10.709274,55.140008,Gudme Kohavevej,2590.4,0.0,43.0
1430,10.710012,55.160006,Huslodsvej,2572.0,0.0,42.0
1431,10.706053,55.170085,Humlebjergvej,2659.0,0.0,44.0
1432,10.712274,55.189998,Galdbjergvej,2585.2,0.0,43.0
1433,10.712313,55.205417,Glorupvej,2453.5,0.0,40.0
1434,10.707708,55.219722,Koledhusvej,2383.8,0.0,39.0
1435,10.706938,55.233643,,2238.7,0.0,37.0
1436,10.70916,55.24993,Egemosevej,2083.6,0.0,34.0
1437,10.70921,55.270026,Sentvedvej,2087.1,0.0,34.0
1438,10.704766,55.281999,Lillemøllevej,1991.8,0.0,33.0
1439,10.708055,55.299346,Svalehøjvej,1709.8,0.0,28.0
1440,10.710113,55.309873,Lamdrupvej,1675.9,0.0,27.0
1441,10.708158,55.330722,,1949.1,0.0,32.0
1442,10.711165,55.341659,Vibeholmsvej,1751.1,0.0,29.0
1443,10.714266,55.359163,Åskovvej,1649.5,0.0,27.0
1444,10.715375,55.369522,Åskovvej,1807.1,0.0,30.0
1445,10.707058,55.390017,,1860.1,0.0,31.0
1446,10.708406,55.410528,Lundevej,1917.6,0.0,31.0
1447,10.707769,55.419626,Risingevej,1902.4,0.0,31.0
1448,10.716025,55.47695,,2423.4,0.0,40.0
1449,10.71,55.479198,Stavrevej,2261.3,0.0,37.0
1450,10.370917,55.379996,,0.0,0.0,0.0
1451,10.715703,55.499837,Lykkegårdsvej,2527.7,0.0,42.0
1452,10.711041,55.509071,,2408.9,0.0,40.0
1453,10.702344,55.529729,Bøgebjergvej,2373.3,0.0,39.0
1454,10.694247,55.542687,Bøgebjergvej,2473.9,0.0,41.0
1455,10.721419,54.73128,,4878.8,1.0,21.0
1456,10.726982,54.741945,Lundevej,4667.5,1.0,17.0
1457,10.729908,54.75974,Østervej,4604.8,1.0,16.0
1458,10.730612,54.771386,Bøsseløkkevej,4517.6,1.0,15.0
1459,10.729161,54.787737,Fredmosevej,4297.0,1.0,11.0
1460,10.723933,54.811166,Ourevej,4241.6,1.0,10.0
1461,10.726737,54.819933,Brandsbyvej,4118.1,1.0,8.0
1462,10.734781,54.839843,Hennetvedvej,3901.0,1.0,5.0
1463,10.731417,54.849685,,3827.8,1.0,3.0
1464,10.731773,54.869675,Statenevej,3524.8,0.0,58.0
1465,10.731324,54.879582,Statenevej,3528.8,0.0,58.0
1466,10.729715,54.900018,Vesterby Mark,3540.0,0.0,59.0
1467,10.73074,54.910172,Søndre Landevej,3253.8,0.0,54.0
1468,10.729643,54.929738,Humblevej,3157.8,0.0,52.0
1469,10.730471,54.950477,Peløkkevej,3113.5,0.0,51.0
1470,10.727953,54.956615,Rifbjerg Strand,3203.3,0.0,53.0
1471,10.730354,55.070186,,2910.0,0.0,48.0
1472,10.73022,55.087751,Vængemosevej,2821.3,0.0,47.0
1473,10.728457,55.099242,,2745.7,0.0,45.0
1474,10.730003,55.119845,Skolevænget,2791.9,0.0,46.0
1475,10.370917,55.379996,,0.0,0.0,0.0
1476,10.731747,55.129652,Landevejen,2684.7,0.0,44.0
1477,10.730952,55.149854,Skelmosevej,2646.0,0.0,44.0
1478,10.728557,55.163157,,2738.2,0.0,45.0
1479,10.731085,55.179157,Svendborg Landevej,2588.4,0.0,43.0
1480,10.728724,55.199836,Svendborg Landevej,2398.4,0.0,39.0
1481,10.729949,55.209991,,2378.1,0.0,39.0
1482,10.733936,55.22984,Tangåvej,2299.7,0.0,38.0
1483,10.732128,55.239753,Kildevænget,2275.6,0.0,37.0
1484,10.728245,55.259713,,2324.5,0.0,38.0
1485,10.724849,55.271343,Sentvedvej,2262.6,0.0,37.0
1486,10.730537,55.292389,,1795.2,0.0,29.0
1487,10.731017,55.300057,Skolevej,1679.6,0.0,27.0
1488,10.730066,55.320046,,1595.1,0.0,26.0
1489,10.730121,55.34005,Nederbyvej,1726.7,0.0,28.0
1490,10.731573,55.350639,Odensevej,1521.1,0.0,25.0
1491,10.730487,55.369929,,1808.5,0.0,30.0
1492,10.729799,55.380762,Lystvej,1847.6,0.0,30.0
1493,10.730256,55.400409,,1965.9,0.0,32.0
1494,10.727645,55.410447,Dinestrup Strand,2167.5,0.0,36.0
1495,10.729653,55.47855,Stavrevej,2508.0,0.0,41.0
1496,10.729351,55.489778,Stavrevej,2484.7,0.0,41.0
1497,10.716283,55.507987,,2753.4,0.0,45.0
1498,10.738944,54.773116,Bøsseløkkevej,4609.9,1.0,16.0
1499,10.753775,54.789395,Laxtonvej,4544.9,1.0,15.0
1500,10.370917,55.379996,,0.0,0.0,0.0
1501,10.760246,54.799949,Kystvej,4484.8,1.0,14.0
1502,10.75935,54.809654,,4567.4,1.0,16.0
1503,10.757453,54.826615,Haveskovvej,4250.2,1.0,10.0
1504,10.760366,54.838882,Påøvej,4092.7,1.0,8.0
1505,10.761348,54.861006,Vindebyvej,3853.8,1.0,4.0
1506,10.759608,54.880095,Guldborgvej,3676.4,1.0,1.0
1507,10.760886,54.892132,,3592.0,0.0,59.0
1508,10.759654,54.910062,Torpevej,3519.5,0.0,58.0
1509,10.761989,54.919825,Søvertorpvej,3591.8,0.0,59.0
1510,10.760692,54.939947,Lollesgaardsvej,3349.9,0.0,55.0
1511,10.760361,54.949877,Kassebøllevej,3327.0,0.0,55.0
1512,10.760161,54.968302,,3482.9,0.0,58.0
1513,10.752251,55.081394,,2919.4,0.0,48.0
1514,10.752174,55.09067,Strandvejen,2798.7,0.0,46.0
1515,10.760376,55.110502,,3215.7,0.0,53.0
1516,10.761789,55.128463,Æblevadsvej,3173.5,0.0,52.0
1517,10.758749,55.140202,Boelsmosevej,2889.3,0.0,48.0
1518,10.760938,55.158658,,3022.5,0.0,50.0
1519,10.75991,55.169899,Purreskovvej,2741.4,0.0,45.0
1520,10.760453,55.190299,Klintholmvej,2566.5,0.0,42.0
1521,10.761186,55.200273,,2684.1,0.0,44.0
1522,10.760035,55.220008,Mikkelenborgvej,2482.0,0.0,41.0
1523,10.760104,55.229559,Åvej,2346.3,0.0,39.0
1524,10.758152,55.251711,,2188.6,0.0,36.0
1525,10.370917,55.379996,,0.0,0.0,0.0
1526,10.758817,55.272333,Stevnshøjvej,2134.7,0.0,35.0
1527,10.754312,55.280646,Kogsbøllevej,2291.8,0.0,38.0
1528,10.760795,55.301913,,1891.7,0.0,31.0
1529,10.760002,55.310007,,1725.0,0.0,28.0
1530,10.758591,55.329419,Odensevej,1522.7,0.0,25.0
1531,10.761494,55.338739,Juelsbergvej,1550.0,0.0,25.0
1532,10.75675,55.362122,,1800.9,0.0,30.0
1533,10.759305,55.371797,,1996.7,0.0,33.0
1534,10.759071,55.389291,Strandløkkevej,2232.0,0.0,37.0
1535,10.741746,55.478848,Stavrevej,2719.6,0.0,45.0
1536,10.769343,54.812254,Haveskovvej,4533.0,1.0,15.0
1537,10.775088,54.822005,Haveskovvej,4519.7,1.0,15.0
1538,10.777746,54.840742,Påøvej,4287.6,1.0,11.0
1539,10.78115,54.851365,Vindebyvej,4147.1,1.0,9.0
1540,10.781771,54.869957,Kildemosevej,3819.1,1.0,3.0
1541,10.781631,54.879489,Illebøllevej,3793.2,1.0,3.0
1542,10.780297,54.900293,Skovsbovej,3632.8,1.0,0.0
1543,10.78263,54.910686,Longelsevej,3480.0,0.0,58.0
1544,10.779867,54.930802,Spodsbjergvej,3514.4,0.0,58.0
1545,10.780287,54.951252,Bjerrebyvej,3318.3,0.0,55.0
1546,10.780017,54.960044,Bregnemosevej,3486.1,0.0,58.0
1547,10.788658,54.977823,,3683.5,1.0,1.0
1548,10.774244,55.102461,Elsehoved,3179.2,0.0,52.0
1549,10.776287,55.118765,Fredskovvej,3281.9,0.0,54.0
1550,10.370917,55.379996,,0.0,0.0,0.0
1551,10.778196,55.130389,,3061.3,0.0,51.0
1552,10.780241,55.150466,Gl. Lundeborgvej,3481.4,0.0,58.0
1553,10.781229,55.160229,Purreskovvej,2986.1,0.0,49.0
1554,10.781155,55.180755,,2826.7,0.0,47.0
1555,10.779759,55.199979,Revsørevej,2788.4,0.0,46.0
1556,10.780691,55.209847,Boholtvej,2695.3,0.0,44.0
1557,10.778854,55.229071,,2453.1,0.0,40.0
1558,10.780259,55.240191,,2287.7,0.0,38.0
1559,10.779846,55.254092,Hagenborgvej,2183.9,0.0,36.0
1560,10.780217,55.271499,Svendborgvej,2337.4,0.0,38.0
1561,10.779354,55.29058,,2063.1,0.0,34.0
1562,10.779618,55.300102,Dyrehavevej,1825.8,0.0,30.0
1563,10.780569,55.319873,,1665.1,0.0,27.0
1564,10.785487,55.34142,Grævlingevænget,2103.1,0.0,35.0
1565,10.77939,55.353189,Regstrupvej,1761.4,0.0,29.0
1566,10.778485,55.369255,Ørnevej,2087.7,0.0,34.0
1567,10.770451,55.380051,Jydeodden,2244.3,0.0,37.0
1568,10.800485,54.865548,Kildemosevej,4026.8,1.0,7.0
1569,10.800403,54.880327,Fuglsbølle Strand,4067.1,1.0,7.0
1570,10.801158,54.889841,Sønderskovvej,3730.1,1.0,2.0
1571,10.800048,54.910293,Søvejen,3517.0,0.0,58.0
1572,10.804496,54.920517,Spodsbjergvej,3449.4,0.0,57.0
1573,10.799872,54.939001,Løkkebyvej,3363.6,0.0,56.0
1574,10.800409,54.95002,Skebjergvej,3407.9,0.0,56.0
1575,10.370917,55.379996,,0.0,0.0,0.0
1576,10.805398,54.968629,,3534.0,0.0,58.0
1577,10.806256,54.987494,Pæregårdsvej,3714.3,1.0,1.0
1578,10.81232,54.999933,Strandbyvej,3848.5,1.0,4.0
1579,10.790835,55.164442,Strandlyst Strand,3028.6,0.0,50.0
1580,10.798616,55.169745,Stokkebæk Strand,3100.5,0.0,51.0
1581,10.800303,55.189705,Bøsørevej,2717.8,0.0,45.0
1582,10.79985,55.198231,Kalkvej,2935.6,0.0,48.0
1583,10.803175,55.220231,,2764.3,0.0,46.0
1584,10.800594,55.229943,Frigårdsvej,2668.2,0.0,44.0
1585,10.79962,55.249963,,2350.6,0.0,39.0
1586,10.790537,55.267869,,2716.0,0.0,45.0
1587,10.788208,55.282051,Holckenhavn,2657.6,0.0,44.0
1588,10.807815,55.29954,Lindholmvej,2147.5,0.0,35.0
1589,10.799918,55.30998,Bryggerivej,1814.5,0.0,30.0
1590,10.800007,55.329981,Risvej,1930.6,0.0,32.0
1591,10.800587,55.340115,Strandalleen,2033.1,0.0,33.0
1592,10.792147,55.35703,Regstrupvej,1863.1,0.0,31.0
1593,10.809295,54.877941,Fuglsbølle Strand,4174.9,1.0,9.0
1594,10.815677,54.897419,Havgaardsvej,3972.1,1.0,6.0
1595,10.824261,54.916991,Egevænget,3776.4,1.0,2.0
1596,10.828996,54.929975,,3424.0,0.0,57.0
1597,10.833693,54.950082,Træløbervej,3645.5,1.0,0.0
1598,10.827022,54.960115,Slagterstræde,3539.6,0.0,58.0
1599,10.827677,54.982205,Tranekærvej,3509.3,0.0,58.0
1600,10.370917,55.379996,,0.0,0.0,0.0
1601,10.827391,54.991531,Ravnebjergvej,3665.1,1.0,1.0
1602,10.830127,55.00992,Langesøvej,3853.3,1.0,4.0
1603,10.837313,55.022102,Bregnegårdsvej,4193.4,1.0,9.0
1604,10.810937,55.233418,Lersey Alle,2642.2,0.0,44.0
1605,10.833253,55.288714,Slipshavnsvej,2004.5,0.0,33.0
1606,10.830232,55.300838,,1860.9,0.0,31.0
1607,10.812369,55.318272,Østerøvej,1789.7,0.0,29.0
1608,10.836482,54.941432,Løkkeby Strandvej,3454.7,0.0,57.0
1609,10.841457,54.951271,Rågevej,3685.4,1.0,1.0
1610,10.84115,54.968746,,3743.5,1.0,2.0
1611,10.850114,54.989968,Stengadevej,3875.8,1.0,4.0
1612,10.851582,54.999959,,3757.1,1.0,2.0
1613,10.847443,55.023341,Helletoftevej,4054.0,1.0,7.0
1614,10.849937,55.029785,,4311.4,1.0,11.0
1615,10.860999,55.04615,,4395.6,1.0,13.0
1616,10.862444,55.06201,,4371.3,1.0,12.0
1617,10.850345,55.299305,Fynske Motorvej,1697.7,0.0,28.0
1618,10.869335,54.982715,Bukkeskovvej,4167.3,1.0,9.0
1619,10.87148,54.989152,Bukkeskovvej,4089.1,1.0,8.0
1620,10.864312,55.013041,,3852.4,1.0,4.0
1621,10.871061,55.01977,Lejbøllevej,3887.6,1.0,4.0
1622,10.869396,55.037373,Næstebøllevej,4123.4,1.0,8.0
1623,10.870094,55.060337,Dageløkkevej,4291.2,1.0,11.0
1624,10.866653,55.068727,Dageløkkevej,4660.7,1.0,17.0
1625,10.370917,55.379996,,0.0,0.0,0.0
1626,10.881695,55.089543,Skattebøllevej,4607.3,1.0,16.0
1627,10.881258,55.102482,Dalengårdvej,4758.2,1.0,19.0
1628,10.88929,54.994535,Pilegårdsvej,4270.1,1.0,11.0
1629,10.89512,55.000837,,4271.4,1.0,11.0
1630,10.897617,55.019483,Søndre Strandvej,4153.9,1.0,9.0
1631,10.899144,55.030168,Sønderskovvej,4233.2,1.0,10.0
1632,10.895642,55.048526,Svalebøllevej,4417.8,1.0,13.0
1633,10.896308,55.060131,,4374.7,1.0,12.0
1634,10.901866,55.077713,,4328.4,1.0,12.0
1635,10.900613,55.090018,Klokkebanke,4525.7,1.0,15.0
1636,10.899734,55.108977,Stoense Havnvej,4602.4,1.0,16.0
1637,10.902972,55.130451,Vestervænget,4833.5,1.0,20.0
1638,10.901925,55.138397,,4932.8,1.0,22.0
1639,10.91283,55.039721,,4333.8,1.0,12.0
1640,10.917982,55.061021,Tressebøllevej,4652.9,1.0,17.0
1641,10.923145,55.069588,Hesselbjergvej,4616.8,1.0,16.0
1642,10.920233,55.091226,Mosevej,4637.4,1.0,17.0
1643,10.919859,55.099583,Egelundvej,4608.3,1.0,16.0
1644,10.915295,55.121301,Houvej,4675.8,1.0,17.0
1645,10.921644,55.129327,,4796.5,1.0,19.0
1646,10.925511,55.148227,Houvej,5286.5,1.0,28.0
1647,10.934044,55.086383,,4726.6,1.0,18.0
1648,10.935436,55.089212,,4700.7,1.0,18.0
1649,10.936855,55.102842,Snøde Udflyttervej,4977.4,1.0,22.0
1650,10.370917,55.379996,,0.0,0.0,0.0
1651,10.939582,55.131806,Bastemosevej,4957.9,1.0,22.0
1652,10.943337,55.138021,Uglebjergvej,5045.8,1.0,24.0
1653,10.939853,55.159805,Gustav Petersensvej,5175.4,1.0,26.0
1654,10.93987,55.162887,Houvej,5219.6,1.0,26.0